                :-) GROMACS - gmx mdrun, 2026.0-conda_forge (-:

Copyright 1991-2026 The GROMACS Authors.
GROMACS is free software; you can redistribute it and/or modify it
under the terms of the GNU Lesser General Public License
as published by the Free Software Foundation; either version 2.1
of the License, or (at your option) any later version.

                         Current GROMACS contributors:
       Mark Abraham           Andrey Alekseenko           Brian Andrews       
        Paul Bauer              Cathrine Bergh              Hugh Bird         
      Eliane Briand               Ania Brown                Yiqi Chen         
      Mahesh Doijade            Giacomo Fiorin          Stefan Fleischmann    
      Sergey Gorelov         Gilles Gouaillardet            Alan Gray         
   Farzaneh Jalalypour         Petter Johansson          Carsten Kutzner      
    Grzegorz Łazarski         Justin A. Lemkul          Magnus Lundborg      
        Julio Maia               Pascal Merz             Vedran Miletić      
      Dmitry Morozov           Lukas Müllender           Szilárd Páll      
 Andrea Pasquadibisceglie     Michele Pellegrino         Nicola Piasentin     
     Daniele Rapetti         Muhammad Umair Sadiq         Hubert Santuz       
      Michael Shirts           Tatiana Shugaeva          Alexey Shvetsov      
     Bálint Soproni            Philip Turner            Alessandra Villa     
        Yang Zhang        

                         Previous GROMACS contributors:
        Emile Apol             Rossen Apostolov           James Barnett       
      Vladimir Basov        Herman J.C. Berendsen          Par Bjelkmar       
      Christian Blau          Viacheslav Bolnykh            Kevin Boyd        
    Aldert van Buuren          Carlo Camilloni           Rudi van Drunen      
      Anton Feenstra           Oliver Fleetwood            Vytas Gapsys       
       Gaurav Garg             Gerrit Groenhof            Bert de Groot       
      Anca Hamuraru           Vincent Hindriksen          Victor Holanda      
     M. Eric Irrgang           Aleksei Iupinov              Joe Jordan        
    Christoph Junghans        Prashanth Kanduri        Dimitrios Karkoulis    
       Peter Kasson             Sebastian Kehl           Sebastian Keller     
        Jiri Kraus               Per Larsson              Viveca Lindahl      
      Erik Marklund           Pieter Meulenhoff           Teemu Murtola       
       Julien Nabet              Sander Pronk             Roland Schulz       
      Alfons Sijbers         David van der Spoel          Peter Tieleman      
      Carsten Uphoff             Jon Vincent             Teemu Virolainen     
    Christian Wennberg     Sebastian Wingbermühle         Maarten Wolf       
      Artem Zhmurov       

                  Coordinated by the GROMACS project leaders:
                           Berk Hess and Erik Lindahl

GROMACS:      gmx mdrun, version 2026.0-conda_forge
Executable:   /opt/conda/envs/bioinformatics/bin.AVX2_256/gmx
Data prefix:  /opt/conda/envs/bioinformatics
Working dir:  /home/xze439/HW2/assignment2 kopie/part4
Process ID:   1439101
Command line:
  gmx mdrun -deffnm minimization -v -nt 1

GROMACS version:     2026.0-conda_forge
Precision:           mixed
Memory model:        64 bit
MPI library:         thread_mpi
MPI version:         built in
OpenMP support:      enabled (GMX_OPENMP_MAX_THREADS = 128)
GPU support:         OpenCL
NBNxM GPU setup:     super-cluster 2x2x2 / cluster 8 (cluster-pair splitting on)
SIMD instructions:   AVX2_256
CPU FFT library:     fftw-3.3.10-sse2-avx
GPU FFT library:     clFFT
Multi-GPU FFT:       none
RDTSCP:              disabled
TNG support:         enabled
Hwloc support:       disabled
Tracing support:     disabled
Colvars support:     enabled (version 2025-10-13)
CP2K support:        disabled
Torch support:       disabled
Plumed support:      enabled
C compiler:          /home/conda/feedstock_root/build_artifacts/gromacs_1770909732141/_build_env/bin/x86_64-conda-linux-gnu-cc GNU 14.3.0
C compiler flags:    -fexcess-precision=fast -funroll-all-loops -mavx2 -mfma -Wno-missing-field-initializers -O3 -DNDEBUG
C++ compiler:        /home/conda/feedstock_root/build_artifacts/gromacs_1770909732141/_build_env/bin/x86_64-conda-linux-gnu-c++ GNU 14.3.0
C++ compiler flags:  -fexcess-precision=fast -funroll-all-loops -mavx2 -mfma -Wno-missing-field-initializers -Wno-stringop-truncation -Wno-cast-function-type-strict SHELL:-fopenmp -O3 -DNDEBUG
BLAS library:        Internal
LAPACK library:      Internal
OpenCL include dir:  /opt/conda/envs/bioinformatics/include
OpenCL library:      /opt/conda/envs/bioinformatics/lib/libOpenCL.so
OpenCL version:      3.0


Running on 1 node with total 64 cores, 128 processing units (GPU detection deactivated)
Hardware detected on host pcoms008a.vu.nl:
  CPU info:
    Vendor: AMD
    Brand:  AMD EPYC 9375F 32-Core Processor               
    Family: 26   Model: 2   Stepping: 1
    Features: aes amd apic avx avx2 avx512f avx512cd avx512bw avx512vl avx512bf16 avx512secondFMA clfsh cmov cx8 cx16 f16c fma htt lahf misalignsse mmx msr nonstop_tsc pcid pclmuldq pdpe1gb popcnt pse rdrnd rdtscp sha sse2 sse3 sse4a sse4.1 sse4.2 ssse3
  Hardware topology: Basic
    Packages, cores, and logical processors:
    [indices refer to OS logical processors]
      Package  0: [   0  64] [   1  65] [   2  66] [   3  67] [   4  68] [   5  69] [   6  70] [   7  71] [   8  72] [   9  73] [  10  74] [  11  75] [  12  76] [  13  77] [  14  78] [  15  79] [  16  80] [  17  81] [  18  82] [  19  83] [  20  84] [  21  85] [  22  86] [  23  87] [  24  88] [  25  89] [  26  90] [  27  91] [  28  92] [  29  93] [  30  94] [  31  95] [  32  96] [  33  97] [  34  98] [  35  99] [  36 100] [  37 101] [  38 102] [  39 103] [  40 104] [  41 105] [  42 106] [  43 107] [  44 108] [  45 109] [  46 110] [  47 111] [  48 112] [  49 113] [  50 114] [  51 115] [  52 116] [  53 117] [  54 118] [  55 119] [  56 120] [  57 121] [  58 122] [  59 123] [  60 124] [  61 125] [  62 126] [  63 127]
    CPU limit set by OS: -1   Recommended max number of threads: 128

Likely fastest SIMD instructions supported by all nodes: AVX_512
SIMD instructions selected at compile time:              AVX2_256
On non-Intel hardware supporting AVX-512, you might gain a few percent
performance by recompiling to use it, at least for CPU-only runs.

The current CPU can measure timings more accurately than the code in
gmx mdrun was configured to use. This might affect your simulation
speed as accurate timings are needed for load-balancing.
Please consider rebuilding gmx mdrun with the GMX_USE_RDTSCP=ON CMake option.

++++ PLEASE READ AND CITE THE FOLLOWING REFERENCE ++++
M. J. Abraham, T. Murtola, R. Schulz, S. Páll, J. C. Smith, B. Hess, E.
Lindahl
GROMACS: High performance molecular simulations through multi-level
parallelism from laptops to supercomputers
SoftwareX (2015)
https://doi.org/10.1016/j.softx.2015.06.001
-------- -------- --- Thank You --- -------- --------


++++ PLEASE READ AND CITE THE FOLLOWING REFERENCE ++++
S. Páll, M. J. Abraham, C. Kutzner, B. Hess, E. Lindahl
Tackling Exascale Software Challenges in Molecular Dynamics Simulations with
GROMACS
In S. Markidis & E. Laure (Eds.), Solving Software Challenges for Exascale (2015)
https://doi.org/10.1007/978-3-319-15976-8_1
-------- -------- --- Thank You --- -------- --------


++++ PLEASE READ AND CITE THE FOLLOWING REFERENCE ++++
S. Pronk, S. Páll, R. Schulz, P. Larsson, P. Bjelkmar, R. Apostolov, M. R.
Shirts, J. C. Smith, P. M. Kasson, D. van der Spoel, B. Hess, E. Lindahl
GROMACS 4.5: a high-throughput and highly parallel open source molecular
simulation toolkit
Bioinformatics (2013)
https://doi.org/10.1093/bioinformatics/btt055
-------- -------- --- Thank You --- -------- --------


++++ PLEASE READ AND CITE THE FOLLOWING REFERENCE ++++
B. Hess, C. Kutzner, D. van der Spoel, E. Lindahl
GROMACS 4: Algorithms for highly efficient, load-balanced, and scalable
molecular simulation
J. Chem. Theory Comput. (2008)
https://doi.org/10.1021/ct700301q
-------- -------- --- Thank You --- -------- --------


++++ PLEASE READ AND CITE THE FOLLOWING REFERENCE ++++
D. van der Spoel, E. Lindahl, B. Hess, G. Groenhof, A. E. Mark, H. J. C.
Berendsen
GROMACS: Fast, Flexible and Free
J. Comp. Chem. (2005)
https://doi.org/10.1002/jcc.20291
-------- -------- --- Thank You --- -------- --------


++++ PLEASE READ AND CITE THE FOLLOWING REFERENCE ++++
E. Lindahl, B. Hess, D. van der Spoel
GROMACS 3.0: A package for molecular simulation and trajectory analysis
J. Mol. Mod. (2001)
https://doi.org/10.1007/s008940100045
-------- -------- --- Thank You --- -------- --------


++++ PLEASE READ AND CITE THE FOLLOWING REFERENCE ++++
H. J. C. Berendsen, D. van der Spoel and R. van Drunen
GROMACS: A message-passing parallel molecular dynamics implementation
Comp. Phys. Comm. (1995)
https://doi.org/10.1016/0010-4655(95)00042-E
-------- -------- --- Thank You --- -------- --------

Input Parameters:
   integrator                     = steep
   tinit                          = 0
   dt                             = 0.01
   nsteps                         = 1000
   init-step                      = 0
   simulation-part                = 1
   mts                            = false
   mass-repartition-factor        = 1
   comm-mode                      = Linear
   nstcomm                        = 100
   bd-fric                        = 0
   ld-seed                        = -3674114
   emtol                          = 100
   emstep                         = 0.01
   niter                          = 20
   fcstep                         = 0
   nstcgsteep                     = 1000
   nbfgscorr                      = 10
   rtpi                           = 0.05
   nstxout                        = 0
   nstvout                        = 0
   nstfout                        = 0
   nstlog                         = 1000
   nstcalcenergy                  = 100
   nstenergy                      = 100
   nstxout-compressed             = 1000
   compressed-x-precision         = 100
   cutoff-scheme                  = Verlet
   nstlist                        = 20
   pbc                            = xyz
   periodic-molecules             = false
   verlet-buffer-tolerance        = 0.005
   verlet-buffer-pressure-tolerance = 0.5
   rlist                          = 1.155
   coulombtype                    = Reaction-Field
   coulomb-modifier               = Potential-shift
   rcoulomb-switch                = 0
   rcoulomb                       = 1.1
   epsilon-r                      = 15
   epsilon-rf                     = inf
   vdw-type                       = Cut-off
   vdw-modifier                   = Potential-shift
   rvdw-switch                    = 0
   rvdw                           = 1.1
   DispCorr                       = No
   table-extension                = 1
   fourierspacing                 = 0.12
   fourier-nx                     = 0
   fourier-ny                     = 0
   fourier-nz                     = 0
   pme-order                      = 4
   ewald-rtol                     = 1e-05
   ewald-rtol-lj                  = 0.001
   lj-pme-comb-rule               = Geometric
   ewald-geometry                 = 3d
   epsilon-surface                = 0
   ensemble-temperature-setting   = not available
   tcoupl                         = No
   nsttcouple                     = -1
   nh-chain-length                = 0
   print-nose-hoover-chain-variables = false
   pcoupl                         = No
   refcoord-scaling               = No
   posres-com: not available
   posres-comB: not available
   QMMM                           = false
qm-opts:
   ngQM                           = 0
   constraint-algorithm           = Lincs
   continuation                   = false
   Shake-SOR                      = false
   shake-tol                      = 0.0001
   lincs-order                    = 4
   lincs-iter                     = 1
   lincs-warnangle                = 30
   nwall                          = 0
   wall-type                      = 9-3
   wall-r-linpot                  = -1
   wall-atomtype[0]               = -1
   wall-atomtype[1]               = -1
   wall-density[0]                = 0
   wall-density[1]                = 0
   wall-ewald-zfac                = 3
   pull                           = false
   awh                            = false
   rotation                       = false
   interactiveMD                  = false
   disre                          = No
   disre-weighting                = Conservative
   disre-mixed                    = false
   dr-fc                          = 1000
   dr-tau                         = 0
   nstdisreout                    = 100
   orire-fc                       = 0
   orire-tau                      = 0
   nstorireout                    = 100
   free-energy                    = no
   cos-acceleration               = 0
   deform (3x3):
      deform[    0]={ 0.00000e+00,  0.00000e+00,  0.00000e+00}
      deform[    1]={ 0.00000e+00,  0.00000e+00,  0.00000e+00}
      deform[    2]={ 0.00000e+00,  0.00000e+00,  0.00000e+00}
   simulated-tempering            = false
   swapcoords                     = no
   userint1                       = 0
   userint2                       = 0
   userint3                       = 0
   userint4                       = 0
   userreal1                      = 0
   userreal2                      = 0
   userreal3                      = 0
   userreal4                      = 0
   applied-forces:
     electric-field:
       x:
         E0                       = 0
         omega                    = 0
         t0                       = 0
         sigma                    = 0
       y:
         E0                       = 0
         omega                    = 0
         t0                       = 0
         sigma                    = 0
       z:
         E0                       = 0
         omega                    = 0
         t0                       = 0
         sigma                    = 0
     density-guided-simulation:
       active                     = false
       group                      = protein
       similarity-measure         = inner-product
       atom-spreading-weight      = unity
       force-constant             = 1e+09
       gaussian-transform-spreading-width = 0.2
       gaussian-transform-spreading-range-in-multiples-of-width = 4
       reference-density-filename = reference.mrc
       nst                        = 1
       normalize-densities        = true
       adaptive-force-scaling     = false
       adaptive-force-scaling-time-constant = 4
       shift-vector               = 
       transformation-matrix      = 
     qmmm-cp2k:
       active                     = false
       qmgroup                    = System
       qmmethod                   = PBE
       qmfilenames                = 
       qmcharge                   = 0
       qmmultiplicity             = 1
     colvars:
       active                     = false
       configfile                 = 
       seed                       = -1
     nnpot:
       active                     = false
       modelfile                  = model.pt
       input-group                = System
       link-type                  = H
       link-distance              = 0.1
       pair-cutoff                = 0
       embedding                  = mechanical
       nnp-charge                 = 0
       model-input1               = 
       model-input2               = 
       model-input3               = 
       model-input4               = 
       model-input5               = 
       model-input6               = 
       model-input7               = 
       model-input8               = 
       model-input9               = 
   fast-multipole-method:
     fmm:
       backend                    = inactive
       exafmm-order               = 6
       exafmm-direct-range        = 2
       exafmm-direct-provider     = GROMACS
       exafmm-tree-type           = uniform
       exafmm-tree-depth          = 0
       exafmm-max-particles-per-cell = 0
       fmsolvr-order              = 8
       fmsolvr-direct-range       = 1
       fmsolvr-direct-provider    = FMM
       fmsolvr-dipole-compensation = true
       fmsolvr-tree-depth         = 3
       fmsolvr-sparse             = false
grpopts:
   nrdf:       21705
   ref-t:           0
   tau-t:           0
annealing:          No
annealing-npoints:           0
   acc:	           0           0           0
   nfreeze:           N           N           N
   energygrp-flags[  0]: 0


Update groups can not be used for this system because atoms that are (in)directly constrained together are interdispersed with other atoms

Local state does not use filler particles

Using 1 MPI thread
Using 1 OpenMP thread 

System total charge: 0.000
Reaction-Field:
epsRF = 0, rc = 1.1, krf = 0.375657, crf = 1.36364, epsfac = 9.26236
The electrostatics potential has its minimum at r = 1.1
Potential shift: LJ r^-12: -3.186e-01 r^-6: -5.645e-01


Using SIMD4xM 4x8 nonbonded short-range kernels

Using a 4x8 pair-list setup:
  updated every 20 steps, buffer 0.055 nm, rlist 1.155 nm

Using full Lennard-Jones parameter combination matrix
Removing pbc first time

NOTE: Thread affinity was not set.

Initializing LINear Constraint Solver

++++ PLEASE READ AND CITE THE FOLLOWING REFERENCE ++++
B. Hess
P-LINCS: A Parallel Linear Constraint Solver for molecular simulation
J. Chem. Theory Comput. (2008)
https://doi.org/10.1021/ct700200b
-------- -------- --- Thank You --- -------- --------

The number of constraints is 252
83 constraints are involved in constraint triangles,
will apply an additional matrix expansion of order 4 for couplings
between constraints inside triangles

Note that activating steepest-descent energy minimization via the integrator .mdp option and the command gmx mdrun may be available in a different form in a future version of GROMACS, e.g. gmx minimize and an .mdp option.
Initiating Steepest Descents
Started Steepest Descents on rank 0 Sat Mar  7 16:55:33 2026


Steepest Descents:
   Tolerance (Fmax)   =  1.00000e+02
   Number of steps    =         1000
           Step           Time
              0        0.00000

   Energies (kJ/mol)
           Bond       G96Angle  Restr. Angles    Proper Dih.  Improper Dih.
    1.28475e+02    2.49140e+02    1.39480e+02    3.80344e+01    2.79280e+00
        LJ (SR)   Coulomb (SR) Position Rest.      Potential Pressure (bar)
   -1.47161e+05   -4.00790e+02    2.41976e-03   -1.47004e+05    9.29628e+02
   Constr. rmsd
    9.26569e-07

           Step           Time
              1        1.00000

   Energies (kJ/mol)
           Bond       G96Angle  Restr. Angles    Proper Dih.  Improper Dih.
    1.29951e+02    2.49128e+02    1.39460e+02    3.80324e+01    2.79213e+00
        LJ (SR)   Coulomb (SR) Position Rest.      Potential Pressure (bar)
   -1.51099e+05   -4.00853e+02    2.48538e-03   -1.50941e+05    6.35111e+02
   Constr. rmsd
    7.87878e-07

           Step           Time
              2        2.00000

   Energies (kJ/mol)
           Bond       G96Angle  Restr. Angles    Proper Dih.  Improper Dih.
    1.32962e+02    2.49109e+02    1.39417e+02    3.80277e+01    2.79070e+00
        LJ (SR)   Coulomb (SR) Position Rest.      Potential Pressure (bar)
   -1.54579e+05   -4.00933e+02    2.87262e-03   -1.54418e+05    3.70768e+02
   Constr. rmsd
    7.50385e-07

           Step           Time
              3        3.00000

   Energies (kJ/mol)
           Bond       G96Angle  Restr. Angles    Proper Dih.  Improper Dih.
    1.38367e+02    2.49090e+02    1.39328e+02    3.80191e+01    2.78761e+00
        LJ (SR)   Coulomb (SR) Position Rest.      Potential Pressure (bar)
   -1.57465e+05   -4.01012e+02    4.67178e-03   -1.57298e+05    1.45924e+02
   Constr. rmsd
    7.14299e-07

           Step           Time
              4        4.00000

   Energies (kJ/mol)
           Bond       G96Angle  Restr. Angles    Proper Dih.  Improper Dih.
    1.48247e+02    2.49090e+02    1.39132e+02    3.80007e+01    2.78036e+00
        LJ (SR)   Coulomb (SR) Position Rest.      Potential Pressure (bar)
   -1.60080e+05   -4.01099e+02    1.28260e-02   -1.59904e+05   -6.63259e+01
   Constr. rmsd
    7.82960e-07

           Step           Time
              5        5.00000

   Energies (kJ/mol)
           Bond       G96Angle  Restr. Angles    Proper Dih.  Improper Dih.
    1.66657e+02    2.49177e+02    1.38693e+02    3.79606e+01    2.76265e+00
        LJ (SR)   Coulomb (SR) Position Rest.      Potential Pressure (bar)
   -1.62744e+05   -4.01195e+02    4.99616e-02   -1.62550e+05   -2.96569e+02
   Constr. rmsd
    7.81239e-07

           Step           Time
              6        6.00000

   Energies (kJ/mol)
           Bond       G96Angle  Restr. Angles    Proper Dih.  Improper Dih.
    1.94015e+02    2.49677e+02    1.37883e+02    3.78919e+01    2.72660e+00
        LJ (SR)   Coulomb (SR) Position Rest.      Potential Pressure (bar)
   -1.65848e+05   -4.01295e+02    2.00749e-01   -1.65627e+05   -5.85368e+02
   Constr. rmsd
    8.71472e-07

           Step           Time
              7        7.00000

   Energies (kJ/mol)
           Bond       G96Angle  Restr. Angles    Proper Dih.  Improper Dih.
    2.23026e+02    2.53173e+02    1.36676e+02    3.82759e+01    2.67667e+00
        LJ (SR)   Coulomb (SR) Position Rest.      Potential Pressure (bar)
   -1.70439e+05   -4.01836e+02    1.00833e+00   -1.70186e+05   -1.04604e+03
   Constr. rmsd
    1.22064e-06

           Step           Time
              8        8.00000

   Energies (kJ/mol)
           Bond       G96Angle  Restr. Angles    Proper Dih.  Improper Dih.
    1.95379e+02    2.58740e+02    1.35211e+02    3.82604e+01    2.66700e+00
        LJ (SR)   Coulomb (SR) Position Rest.      Potential Pressure (bar)
   -1.74563e+05   -4.04125e+02    4.32612e+00   -1.74333e+05   -1.49790e+03
   Constr. rmsd
    2.21042e-06

           Step           Time
              9        9.00000

   Energies (kJ/mol)
           Bond       G96Angle  Restr. Angles    Proper Dih.  Improper Dih.
    1.87679e+02    2.55515e+02    1.34735e+02    3.91506e+01    2.66890e+00
        LJ (SR)   Coulomb (SR) Position Rest.      Potential Pressure (bar)
   -1.75063e+05   -4.04385e+02    4.69446e+00   -1.74843e+05   -1.55264e+03
   Constr. rmsd
    1.00531e-06

           Step           Time
             10       10.00000

   Energies (kJ/mol)
           Bond       G96Angle  Restr. Angles    Proper Dih.  Improper Dih.
    1.87773e+02    2.55029e+02    1.33295e+02    3.83195e+01    2.68251e+00
        LJ (SR)   Coulomb (SR) Position Rest.      Potential Pressure (bar)
   -1.76317e+05   -4.04935e+02    6.30506e+00   -1.76099e+05   -1.69415e+03
   Constr. rmsd
    1.33852e-06

           Step           Time
             11       11.00000

   Energies (kJ/mol)
           Bond       G96Angle  Restr. Angles    Proper Dih.  Improper Dih.
    1.66202e+02    2.63815e+02    1.32601e+02    5.59687e+01    2.68593e+00
        LJ (SR)   Coulomb (SR) Position Rest.      Potential Pressure (bar)
   -1.76958e+05   -4.05861e+02    7.99263e+00   -1.76735e+05   -1.76768e+03
   Constr. rmsd
    1.31232e-05

           Step           Time
             12       12.00000

   Energies (kJ/mol)
           Bond       G96Angle  Restr. Angles    Proper Dih.  Improper Dih.
    1.99452e+02    3.91646e+02    1.32005e+02    1.97781e+02    2.69233e+00
        LJ (SR)   Coulomb (SR) Position Rest.      Potential Pressure (bar)
   -1.77524e+05   -4.06204e+02    9.31302e+00   -1.76997e+05   -1.83776e+03
   Constr. rmsd
    4.85379e-04

           Step           Time
             13       13.00000

   Energies (kJ/mol)
           Bond       G96Angle  Restr. Angles    Proper Dih.  Improper Dih.
    1.79651e+02    4.23965e+02    1.31117e+02    2.07043e+02    2.68291e+00
        LJ (SR)   Coulomb (SR) Position Rest.      Potential Pressure (bar)
   -1.77843e+05   -4.06755e+02    1.02706e+01   -1.77295e+05   -1.87114e+03
   Constr. rmsd
    1.59039e-03

           Step           Time
             14       14.00000

           Step           Time
             15       15.00000

   Energies (kJ/mol)
           Bond       G96Angle  Restr. Angles    Proper Dih.  Improper Dih.
    1.63032e+02    2.55804e+02    1.30720e+02    4.78388e+01    2.68508e+00
        LJ (SR)   Coulomb (SR) Position Rest.      Potential Pressure (bar)
   -1.78080e+05   -4.06935e+02    1.06144e+01   -1.77877e+05   -1.89175e+03
   Constr. rmsd
    3.89330e-04

           Step           Time
             16       16.00000

   Energies (kJ/mol)
           Bond       G96Angle  Restr. Angles    Proper Dih.  Improper Dih.
    1.39358e+02    3.91568e+02    1.30085e+02    1.56536e+02    2.67254e+00
        LJ (SR)   Coulomb (SR) Position Rest.      Potential Pressure (bar)
   -1.78814e+05   -4.08977e+02    1.37939e+01   -1.78389e+05   -1.98686e+03
   Constr. rmsd
    6.28548e-04

           Step           Time
             17       17.00000

   Energies (kJ/mol)
           Bond       G96Angle  Restr. Angles    Proper Dih.  Improper Dih.
    1.37928e+02    2.75013e+02    1.29603e+02    4.28106e+01    2.67072e+00
        LJ (SR)   Coulomb (SR) Position Rest.      Potential Pressure (bar)
   -1.79095e+05   -4.08909e+02    1.38209e+01   -1.78902e+05   -2.00674e+03
   Constr. rmsd
    5.61143e-04

           Step           Time
             18       18.00000

           Step           Time
             19       19.00000

   Energies (kJ/mol)
           Bond       G96Angle  Restr. Angles    Proper Dih.  Improper Dih.
    1.40745e+02    2.72194e+02    1.28372e+02    6.64053e+01    2.66346e+00
        LJ (SR)   Coulomb (SR) Position Rest.      Potential Pressure (bar)
   -1.79301e+05   -4.09171e+02    1.41003e+01   -1.79086e+05   -2.02727e+03
   Constr. rmsd
    1.57142e-04

           Step           Time
             20       20.00000

   Energies (kJ/mol)
           Bond       G96Angle  Restr. Angles    Proper Dih.  Improper Dih.
    1.41666e+02    3.31479e+02    1.27734e+02    1.04896e+02    2.65147e+00
        LJ (SR)   Coulomb (SR) Position Rest.      Potential Pressure (bar)
   -1.79437e+05   -4.09518e+02    1.47204e+01   -1.79124e+05   -2.04860e+03
   Constr. rmsd
    5.86215e-04

           Step           Time
             21       21.00000

   Energies (kJ/mol)
           Bond       G96Angle  Restr. Angles    Proper Dih.  Improper Dih.
    1.36805e+02    2.66070e+02    1.27375e+02    5.96088e+01    2.64769e+00
        LJ (SR)   Coulomb (SR) Position Rest.      Potential Pressure (bar)
   -1.79614e+05   -4.09675e+02    1.49026e+01   -1.79416e+05   -2.06032e+03
   Constr. rmsd
    4.29738e-04

           Step           Time
             22       22.00000

           Step           Time
             23       23.00000

   Energies (kJ/mol)
           Bond       G96Angle  Restr. Angles    Proper Dih.  Improper Dih.
    1.35254e+02    2.70457e+02    1.26900e+02    5.17346e+01    2.63700e+00
        LJ (SR)   Coulomb (SR) Position Rest.      Potential Pressure (bar)
   -1.79764e+05   -4.09995e+02    1.53874e+01   -1.79572e+05   -2.07666e+03
   Constr. rmsd
    1.84739e-04

           Step           Time
             24       24.00000

   Energies (kJ/mol)
           Bond       G96Angle  Restr. Angles    Proper Dih.  Improper Dih.
    1.33816e+02    2.81027e+02    1.26492e+02    7.79546e+01    2.62799e+00
        LJ (SR)   Coulomb (SR) Position Rest.      Potential Pressure (bar)
   -1.79908e+05   -4.10257e+02    1.57663e+01   -1.79681e+05   -2.09087e+03
   Constr. rmsd
    2.08956e-04

           Step           Time
             25       25.00000

           Step           Time
             26       26.00000

   Energies (kJ/mol)
           Bond       G96Angle  Restr. Angles    Proper Dih.  Improper Dih.
    1.31199e+02    2.50021e+02    1.26153e+02    4.11117e+01    2.62160e+00
        LJ (SR)   Coulomb (SR) Position Rest.      Potential Pressure (bar)
   -1.79998e+05   -4.10390e+02    1.60213e+01   -1.79841e+05   -2.09983e+03
   Constr. rmsd
    8.80494e-05

           Step           Time
             27       27.00000

   Energies (kJ/mol)
           Bond       G96Angle  Restr. Angles    Proper Dih.  Improper Dih.
    1.29900e+02    2.90725e+02    1.25545e+02    9.24529e+01    2.60001e+00
        LJ (SR)   Coulomb (SR) Position Rest.      Potential Pressure (bar)
   -1.80253e+05   -4.10955e+02    1.68940e+01   -1.80006e+05   -2.12610e+03
   Constr. rmsd
    1.02096e-04

           Step           Time
             28       28.00000

   Energies (kJ/mol)
           Bond       G96Angle  Restr. Angles    Proper Dih.  Improper Dih.
    1.27686e+02    2.57481e+02    1.25030e+02    4.85395e+01    2.59248e+00
        LJ (SR)   Coulomb (SR) Position Rest.      Potential Pressure (bar)
   -1.80341e+05   -4.11050e+02    1.71606e+01   -1.80173e+05   -2.13477e+03
   Constr. rmsd
    1.80019e-04

           Step           Time
             29       29.00000

           Step           Time
             30       30.00000

   Energies (kJ/mol)
           Bond       G96Angle  Restr. Angles    Proper Dih.  Improper Dih.
    1.25719e+02    2.55405e+02    1.24854e+02    4.98235e+01    2.58334e+00
        LJ (SR)   Coulomb (SR) Position Rest.      Potential Pressure (bar)
   -1.80445e+05   -4.11256e+02    1.74671e+01   -1.80280e+05   -2.14447e+03
   Constr. rmsd
    4.71702e-05

           Step           Time
             31       31.00000

   Energies (kJ/mol)
           Bond       G96Angle  Restr. Angles    Proper Dih.  Improper Dih.
    1.26307e+02    2.70310e+02    1.24286e+02    6.20951e+01    2.56854e+00
        LJ (SR)   Coulomb (SR) Position Rest.      Potential Pressure (bar)
   -1.80561e+05   -4.11498e+02    1.79668e+01   -1.80369e+05   -2.15687e+03
   Constr. rmsd
    9.60724e-05

           Step           Time
             32       32.00000

   Energies (kJ/mol)
           Bond       G96Angle  Restr. Angles    Proper Dih.  Improper Dih.
    1.23504e+02    2.55276e+02    1.24186e+02    5.20135e+01    2.56083e+00
        LJ (SR)   Coulomb (SR) Position Rest.      Potential Pressure (bar)
   -1.80658e+05   -4.11659e+02    1.82050e+01   -1.80494e+05   -2.16518e+03
   Constr. rmsd
    1.01572e-04

           Step           Time
             33       33.00000

   Energies (kJ/mol)
           Bond       G96Angle  Restr. Angles    Proper Dih.  Improper Dih.
    1.26306e+02    2.99823e+02    1.23549e+02    9.25345e+01    2.54181e+00
        LJ (SR)   Coulomb (SR) Position Rest.      Potential Pressure (bar)
   -1.80756e+05   -4.11948e+02    1.87993e+01   -1.80505e+05   -2.17752e+03
   Constr. rmsd
    2.51419e-04

           Step           Time
             34       34.00000

   Energies (kJ/mol)
           Bond       G96Angle  Restr. Angles    Proper Dih.  Improper Dih.
    1.21336e+02    2.53374e+02    1.23492e+02    5.14653e+01    2.53592e+00
        LJ (SR)   Coulomb (SR) Position Rest.      Potential Pressure (bar)
   -1.80872e+05   -4.12063e+02    1.89684e+01   -1.80712e+05   -2.18545e+03
   Constr. rmsd
    2.15269e-04

           Step           Time
             35       35.00000

           Step           Time
             36       36.00000

   Energies (kJ/mol)
           Bond       G96Angle  Restr. Angles    Proper Dih.  Improper Dih.
    1.20299e+02    2.58688e+02    1.23171e+02    4.53316e+01    2.52268e+00
        LJ (SR)   Coulomb (SR) Position Rest.      Potential Pressure (bar)
   -1.80960e+05   -4.12260e+02    1.93461e+01   -1.80803e+05   -2.19439e+03
   Constr. rmsd
    7.55401e-05

           Step           Time
             37       37.00000

   Energies (kJ/mol)
           Bond       G96Angle  Restr. Angles    Proper Dih.  Improper Dih.
    1.19595e+02    2.63622e+02    1.22920e+02    6.41691e+01    2.51155e+00
        LJ (SR)   Coulomb (SR) Position Rest.      Potential Pressure (bar)
   -1.81054e+05   -4.12436e+02    1.96517e+01   -1.80874e+05   -2.20226e+03
   Constr. rmsd
    1.06662e-04

           Step           Time
             38       38.00000

   Energies (kJ/mol)
           Bond       G96Angle  Restr. Angles    Proper Dih.  Improper Dih.
    1.21188e+02    2.87959e+02    1.22474e+02    8.25893e+01    2.49719e+00
        LJ (SR)   Coulomb (SR) Position Rest.      Potential Pressure (bar)
   -1.81113e+05   -4.12600e+02    2.00359e+01   -1.80889e+05   -2.20971e+03
   Constr. rmsd
    3.20363e-04

           Step           Time
             39       39.00000

   Energies (kJ/mol)
           Bond       G96Angle  Restr. Angles    Proper Dih.  Improper Dih.
    1.18027e+02    2.63065e+02    1.22435e+02    6.40810e+01    2.48960e+00
        LJ (SR)   Coulomb (SR) Position Rest.      Potential Pressure (bar)
   -1.81211e+05   -4.12719e+02    2.02290e+01   -1.81033e+05   -2.21629e+03
   Constr. rmsd
    2.69609e-04

           Step           Time
             40       40.00000

           Step           Time
             41       41.00000

   Energies (kJ/mol)
           Bond       G96Angle  Restr. Angles    Proper Dih.  Improper Dih.
    1.16499e+02    2.52490e+02    1.22131e+02    4.46361e+01    2.47979e+00
        LJ (SR)   Coulomb (SR) Position Rest.      Potential Pressure (bar)
   -1.81272e+05   -4.12836e+02    2.04776e+01   -1.81126e+05   -2.22221e+03
   Constr. rmsd
    1.01375e-04

           Step           Time
             42       42.00000

   Energies (kJ/mol)
           Bond       G96Angle  Restr. Angles    Proper Dih.  Improper Dih.
    1.17341e+02    2.80851e+02    1.21958e+02    8.81013e+01    2.46407e+00
        LJ (SR)   Coulomb (SR) Position Rest.      Potential Pressure (bar)
   -1.81372e+05   -4.13042e+02    2.08658e+01   -1.81153e+05   -2.23040e+03
   Constr. rmsd
    1.53759e-04

           Step           Time
             43       43.00000

   Energies (kJ/mol)
           Bond       G96Angle  Restr. Angles    Proper Dih.  Improper Dih.
    1.16979e+02    2.76274e+02    1.21467e+02    7.40028e+01    2.45319e+00
        LJ (SR)   Coulomb (SR) Position Rest.      Potential Pressure (bar)
   -1.81420e+05   -4.13132e+02    2.11273e+01   -1.81221e+05   -2.23596e+03
   Constr. rmsd
    4.02488e-04

           Step           Time
             44       44.00000

   Energies (kJ/mol)
           Bond       G96Angle  Restr. Angles    Proper Dih.  Improper Dih.
    1.16299e+02    2.84476e+02    1.21538e+02    9.14732e+01    2.44298e+00
        LJ (SR)   Coulomb (SR) Position Rest.      Potential Pressure (bar)
   -1.81502e+05   -4.13262e+02    2.13602e+01   -1.81278e+05   -2.24146e+03
   Constr. rmsd
    3.57226e-04

           Step           Time
             45       45.00000

           Step           Time
             46       46.00000

   Energies (kJ/mol)
           Bond       G96Angle  Restr. Angles    Proper Dih.  Improper Dih.
    1.12796e+02    2.45981e+02    1.21180e+02    4.10983e+01    2.43565e+00
        LJ (SR)   Coulomb (SR) Position Rest.      Potential Pressure (bar)
   -1.81557e+05   -4.13328e+02    2.15294e+01   -1.81426e+05   -2.24645e+03
   Constr. rmsd
    1.45135e-04

           Step           Time
             47       47.00000

           Step           Time
             48       48.00000

   Energies (kJ/mol)
           Bond       G96Angle  Restr. Angles    Proper Dih.  Improper Dih.
    1.12014e+02    2.51462e+02    1.21074e+02    5.19051e+01    2.42241e+00
        LJ (SR)   Coulomb (SR) Position Rest.      Potential Pressure (bar)
   -1.81639e+05   -4.13473e+02    2.18256e+01   -1.81492e+05   -2.25285e+03
   Constr. rmsd
    2.43363e-05

           Step           Time
             49       49.00000

   Energies (kJ/mol)
           Bond       G96Angle  Restr. Angles    Proper Dih.  Improper Dih.
    1.11651e+02    2.51749e+02    1.20635e+02    4.58007e+01    2.41110e+00
        LJ (SR)   Coulomb (SR) Position Rest.      Potential Pressure (bar)
   -1.81695e+05   -4.13559e+02    2.20754e+01   -1.81554e+05   -2.25803e+03
   Constr. rmsd
    5.10310e-05

           Step           Time
             50       50.00000

   Energies (kJ/mol)
           Bond       G96Angle  Restr. Angles    Proper Dih.  Improper Dih.
    1.10975e+02    2.54190e+02    1.20631e+02    5.76058e+01    2.40030e+00
        LJ (SR)   Coulomb (SR) Position Rest.      Potential Pressure (bar)
   -1.81765e+05   -4.13663e+02    2.23054e+01   -1.81611e+05   -2.26302e+03
   Constr. rmsd
    5.96725e-05

           Step           Time
             51       51.00000

   Energies (kJ/mol)
           Bond       G96Angle  Restr. Angles    Proper Dih.  Improper Dih.
    1.11788e+02    2.67179e+02    1.20132e+02    6.27794e+01    2.38705e+00
        LJ (SR)   Coulomb (SR) Position Rest.      Potential Pressure (bar)
   -1.81814e+05   -4.13760e+02    2.25842e+01   -1.81641e+05   -2.26811e+03
   Constr. rmsd
    1.42137e-04

           Step           Time
             52       52.00000

   Energies (kJ/mol)
           Bond       G96Angle  Restr. Angles    Proper Dih.  Improper Dih.
    1.10163e+02    2.58080e+02    1.20227e+02    6.36805e+01    2.37817e+00
        LJ (SR)   Coulomb (SR) Position Rest.      Potential Pressure (bar)
   -1.81885e+05   -4.13839e+02    2.27613e+01   -1.81722e+05   -2.27233e+03
   Constr. rmsd
    1.48576e-04

           Step           Time
             53       53.00000

           Step           Time
             54       54.00000

   Energies (kJ/mol)
           Bond       G96Angle  Restr. Angles    Proper Dih.  Improper Dih.
    1.08380e+02    2.43950e+02    1.19913e+02    3.86763e+01    2.37028e+00
        LJ (SR)   Coulomb (SR) Position Rest.      Potential Pressure (bar)
   -1.81927e+05   -4.13896e+02    2.29186e+01   -1.81805e+05   -2.27606e+03
   Constr. rmsd
    4.97597e-05

           Step           Time
             55       55.00000

   Energies (kJ/mol)
           Bond       G96Angle  Restr. Angles    Proper Dih.  Improper Dih.
    1.09937e+02    2.73235e+02    1.19809e+02    8.63117e+01    2.34876e+00
        LJ (SR)   Coulomb (SR) Position Rest.      Potential Pressure (bar)
   -1.82033e+05   -4.14061e+02    2.33431e+01   -1.81832e+05   -2.28318e+03
   Constr. rmsd
    8.36197e-05

           Step           Time
             56       56.00000

   Energies (kJ/mol)
           Bond       G96Angle  Restr. Angles    Proper Dih.  Improper Dih.
    1.07821e+02    2.54698e+02    1.19287e+02    5.05405e+01    2.33973e+00
        LJ (SR)   Coulomb (SR) Position Rest.      Potential Pressure (bar)
   -1.82074e+05   -4.14106e+02    2.35104e+01   -1.81930e+05   -2.28732e+03
   Constr. rmsd
    1.93010e-04

           Step           Time
             57       57.00000

           Step           Time
             58       58.00000

   Energies (kJ/mol)
           Bond       G96Angle  Restr. Angles    Proper Dih.  Improper Dih.
    1.06012e+02    2.40848e+02    1.19361e+02    4.08181e+01    2.33314e+00
        LJ (SR)   Coulomb (SR) Position Rest.      Potential Pressure (bar)
   -1.82124e+05   -4.14151e+02    2.36295e+01   -1.82005e+05   -2.29015e+03
   Constr. rmsd
    2.41447e-05

           Step           Time
             59       59.00000

   Energies (kJ/mol)
           Bond       G96Angle  Restr. Angles    Proper Dih.  Improper Dih.
    1.06561e+02    2.60790e+02    1.18766e+02    5.25905e+01    2.30858e+00
        LJ (SR)   Coulomb (SR) Position Rest.      Potential Pressure (bar)
   -1.82220e+05   -4.14303e+02    2.40741e+01   -1.82070e+05   -2.29795e+03
   Constr. rmsd
    4.20361e-05

           Step           Time
             60       60.00000

   Energies (kJ/mol)
           Bond       G96Angle  Restr. Angles    Proper Dih.  Improper Dih.
    1.04781e+02    2.43439e+02    1.18850e+02    4.69617e+01    2.30140e+00
        LJ (SR)   Coulomb (SR) Position Rest.      Potential Pressure (bar)
   -1.82277e+05   -4.14338e+02    2.41957e+01   -1.82150e+05   -2.30065e+03
   Constr. rmsd
    6.08972e-05

           Step           Time
             61       61.00000

           Step           Time
             62       62.00000

   Energies (kJ/mol)
           Bond       G96Angle  Restr. Angles    Proper Dih.  Improper Dih.
    1.04056e+02    2.43435e+02    1.18571e+02    3.80360e+01    2.29135e+00
        LJ (SR)   Coulomb (SR) Position Rest.      Potential Pressure (bar)
   -1.82318e+05   -4.14392e+02    2.43615e+01   -1.82202e+05   -2.30418e+03
   Constr. rmsd
    1.90076e-05

           Step           Time
             63       63.00000

   Energies (kJ/mol)
           Bond       G96Angle  Restr. Angles    Proper Dih.  Improper Dih.
    1.04156e+02    2.47855e+02    1.18559e+02    5.44092e+01    2.27829e+00
        LJ (SR)   Coulomb (SR) Position Rest.      Potential Pressure (bar)
   -1.82383e+05   -4.14458e+02    2.45745e+01   -1.82245e+05   -2.30756e+03
   Constr. rmsd
    2.93581e-05

           Step           Time
             64       64.00000

   Energies (kJ/mol)
           Bond       G96Angle  Restr. Angles    Proper Dih.  Improper Dih.
    1.03637e+02    2.49769e+02    1.18146e+02    4.46209e+01    2.26749e+00
        LJ (SR)   Coulomb (SR) Position Rest.      Potential Pressure (bar)
   -1.82421e+05   -4.14512e+02    2.47432e+01   -1.82292e+05   -2.31111e+03
   Constr. rmsd
    6.12951e-05

           Step           Time
             65       65.00000

   Energies (kJ/mol)
           Bond       G96Angle  Restr. Angles    Proper Dih.  Improper Dih.
    1.04003e+02    2.54709e+02    1.18308e+02    6.51808e+01    2.25639e+00
        LJ (SR)   Coulomb (SR) Position Rest.      Potential Pressure (bar)
   -1.82478e+05   -4.14559e+02    2.49159e+01   -1.82323e+05   -2.31356e+03
   Constr. rmsd
    8.28726e-05

           Step           Time
             66       66.00000

   Energies (kJ/mol)
           Bond       G96Angle  Restr. Angles    Proper Dih.  Improper Dih.
    1.04424e+02    2.65424e+02    1.17728e+02    6.28427e+01    2.24449e+00
        LJ (SR)   Coulomb (SR) Position Rest.      Potential Pressure (bar)
   -1.82508e+05   -4.14621e+02    2.50920e+01   -1.82344e+05   -2.31703e+03
   Constr. rmsd
    1.86522e-04

           Step           Time
             67       67.00000

   Energies (kJ/mol)
           Bond       G96Angle  Restr. Angles    Proper Dih.  Improper Dih.
    1.04573e+02    2.67603e+02    1.18088e+02    8.21132e+01    2.23504e+00
        LJ (SR)   Coulomb (SR) Position Rest.      Potential Pressure (bar)
   -1.82566e+05   -4.14653e+02    2.52333e+01   -1.82380e+05   -2.31873e+03
   Constr. rmsd
    2.35130e-04

           Step           Time
             68       68.00000

           Step           Time
             69       69.00000

   Energies (kJ/mol)
           Bond       G96Angle  Restr. Angles    Proper Dih.  Improper Dih.
    1.00984e+02    2.39138e+02    1.17676e+02    3.63487e+01    2.22852e+00
        LJ (SR)   Coulomb (SR) Position Rest.      Potential Pressure (bar)
   -1.82601e+05   -4.14689e+02    2.53245e+01   -1.82494e+05   -2.32218e+03
   Constr. rmsd
    7.10334e-05

           Step           Time
             70       70.00000

           Step           Time
             71       71.00000

   Energies (kJ/mol)
           Bond       G96Angle  Restr. Angles    Proper Dih.  Improper Dih.
    1.01191e+02    2.46656e+02    1.17719e+02    5.66656e+01    2.20908e+00
        LJ (SR)   Coulomb (SR) Position Rest.      Potential Pressure (bar)
   -1.82686e+05   -4.14761e+02    2.56045e+01   -1.82550e+05   -2.32656e+03
   Constr. rmsd
    1.61961e-05

           Step           Time
             72       72.00000

   Energies (kJ/mol)
           Bond       G96Angle  Restr. Angles    Proper Dih.  Improper Dih.
    9.99658e+01    2.40984e+02    1.17230e+02    3.66645e+01    2.20114e+00
        LJ (SR)   Coulomb (SR) Position Rest.      Potential Pressure (bar)
   -1.82715e+05   -4.14801e+02    2.57091e+01   -1.82607e+05   -2.32929e+03
   Constr. rmsd
    2.35307e-05

           Step           Time
             73       73.00000

   Energies (kJ/mol)
           Bond       G96Angle  Restr. Angles    Proper Dih.  Improper Dih.
    1.01126e+02    2.52298e+02    1.17481e+02    6.69996e+01    2.18444e+00
        LJ (SR)   Coulomb (SR) Position Rest.      Potential Pressure (bar)
   -1.82784e+05   -4.14843e+02    2.59341e+01   -1.82633e+05   -2.33215e+03
   Constr. rmsd
    3.75646e-05

           Step           Time
             74       74.00000

   Energies (kJ/mol)
           Bond       G96Angle  Restr. Angles    Proper Dih.  Improper Dih.
    9.96121e+01    2.46990e+02    1.16793e+02    4.18587e+01    2.17541e+00
        LJ (SR)   Coulomb (SR) Position Rest.      Potential Pressure (bar)
   -1.82814e+05   -4.14896e+02    2.60428e+01   -1.82695e+05   -2.33515e+03
   Constr. rmsd
    6.78640e-05

           Step           Time
             75       75.00000

           Step           Time
             76       76.00000

   Energies (kJ/mol)
           Bond       G96Angle  Restr. Angles    Proper Dih.  Improper Dih.
    9.86601e+01    2.37780e+02    1.17073e+02    4.12775e+01    2.16856e+00
        LJ (SR)   Coulomb (SR) Position Rest.      Potential Pressure (bar)
   -1.82853e+05   -4.14906e+02    2.61322e+01   -1.82745e+05   -2.33660e+03
   Constr. rmsd
    1.52041e-05

           Step           Time
             77       77.00000

   Energies (kJ/mol)
           Bond       G96Angle  Restr. Angles    Proper Dih.  Improper Dih.
    9.94142e+01    2.53365e+02    1.16375e+02    4.88625e+01    2.14972e+00
        LJ (SR)   Coulomb (SR) Position Rest.      Potential Pressure (bar)
   -1.82909e+05   -4.14981e+02    2.63558e+01   -1.82777e+05   -2.34057e+03
   Constr. rmsd
    2.93835e-05

           Step           Time
             78       78.00000

   Energies (kJ/mol)
           Bond       G96Angle  Restr. Angles    Proper Dih.  Improper Dih.
    9.82691e+01    2.41257e+02    1.16851e+02    4.84201e+01    2.14252e+00
        LJ (SR)   Coulomb (SR) Position Rest.      Potential Pressure (bar)
   -1.82954e+05   -4.14989e+02    2.64454e+01   -1.82835e+05   -2.34164e+03
   Constr. rmsd
    4.66842e-05

           Step           Time
             79       79.00000

           Step           Time
             80       80.00000

   Energies (kJ/mol)
           Bond       G96Angle  Restr. Angles    Proper Dih.  Improper Dih.
    9.73288e+01    2.38393e+02    1.16401e+02    3.58568e+01    2.13451e+00
        LJ (SR)   Coulomb (SR) Position Rest.      Potential Pressure (bar)
   -1.82981e+05   -4.15025e+02    2.65319e+01   -1.82879e+05   -2.34394e+03
   Constr. rmsd
    1.17206e-05

           Step           Time
             81       81.00000

   Energies (kJ/mol)
           Bond       G96Angle  Restr. Angles    Proper Dih.  Improper Dih.
    9.80141e+01    2.45602e+02    1.16712e+02    5.72961e+01    2.11762e+00
        LJ (SR)   Coulomb (SR) Position Rest.      Potential Pressure (bar)
   -1.83047e+05   -4.15064e+02    2.67246e+01   -1.82916e+05   -2.34603e+03
   Constr. rmsd
    1.71035e-05

           Step           Time
             82       82.00000

   Energies (kJ/mol)
           Bond       G96Angle  Restr. Angles    Proper Dih.  Improper Dih.
    9.68442e+01    2.42046e+02    1.15980e+02    3.86383e+01    2.10875e+00
        LJ (SR)   Coulomb (SR) Position Rest.      Potential Pressure (bar)
   -1.83073e+05   -4.15107e+02    2.68114e+01   -1.82966e+05   -2.34857e+03
   Constr. rmsd
    2.97696e-05

           Step           Time
             83       83.00000

           Step           Time
             84       84.00000

   Energies (kJ/mol)
           Bond       G96Angle  Restr. Angles    Proper Dih.  Improper Dih.
    9.62877e+01    2.36461e+02    1.16328e+02    4.04183e+01    2.10159e+00
        LJ (SR)   Coulomb (SR) Position Rest.      Potential Pressure (bar)
   -1.83109e+05   -4.15117e+02    2.68900e+01   -1.83005e+05   -2.34962e+03
   Constr. rmsd
    7.11472e-06

           Step           Time
             85       85.00000

   Energies (kJ/mol)
           Bond       G96Angle  Restr. Angles    Proper Dih.  Improper Dih.
    9.66205e+01    2.46955e+02    1.15577e+02    4.38662e+01    2.08465e+00
        LJ (SR)   Coulomb (SR) Position Rest.      Potential Pressure (bar)
   -1.83156e+05   -4.15177e+02    2.70562e+01   -1.83040e+05   -2.35271e+03
   Constr. rmsd
    1.33535e-05

           Step           Time
             86       86.00000

   Energies (kJ/mol)
           Bond       G96Angle  Restr. Angles    Proper Dih.  Improper Dih.
    9.60430e+01    2.40039e+02    1.16229e+02    4.75869e+01    2.07707e+00
        LJ (SR)   Coulomb (SR) Position Rest.      Potential Pressure (bar)
   -1.83197e+05   -4.15185e+02    2.71370e+01   -1.83083e+05   -2.35340e+03
   Constr. rmsd
    2.29654e-05

           Step           Time
             87       87.00000

   Energies (kJ/mol)
           Bond       G96Angle  Restr. Angles    Proper Dih.  Improper Dih.
    9.70599e+01    2.56818e+02    1.15167e+02    5.48062e+01    2.06253e+00
        LJ (SR)   Coulomb (SR) Position Rest.      Potential Pressure (bar)
   -1.83227e+05   -4.15242e+02    2.72649e+01   -1.83089e+05   -2.35597e+03
   Constr. rmsd
    4.11889e-05

           Step           Time
             88       88.00000

   Energies (kJ/mol)
           Bond       G96Angle  Restr. Angles    Proper Dih.  Improper Dih.
    9.66274e+01    2.49884e+02    1.16278e+02    6.28333e+01    2.05495e+00
        LJ (SR)   Coulomb (SR) Position Rest.      Potential Pressure (bar)
   -1.83271e+05   -4.15245e+02    2.73455e+01   -1.83131e+05   -2.35631e+03
   Constr. rmsd
    6.87943e-05

           Step           Time
             89       89.00000

           Step           Time
             90       90.00000

   Energies (kJ/mol)
           Bond       G96Angle  Restr. Angles    Proper Dih.  Improper Dih.
    9.45941e+01    2.36799e+02    1.15400e+02    3.60897e+01    2.04769e+00
        LJ (SR)   Coulomb (SR) Position Rest.      Potential Pressure (bar)
   -1.83296e+05   -4.15276e+02    2.74014e+01   -1.83199e+05   -2.35859e+03
   Constr. rmsd
    1.75298e-05

           Step           Time
             91       91.00000

   Energies (kJ/mol)
           Bond       G96Angle  Restr. Angles    Proper Dih.  Improper Dih.
    9.63379e+01    2.55455e+02    1.16207e+02    7.16214e+01    2.02667e+00
        LJ (SR)   Coulomb (SR) Position Rest.      Potential Pressure (bar)
   -1.83365e+05   -4.15317e+02    2.75965e+01   -1.83211e+05   -2.36025e+03
   Constr. rmsd
    2.55122e-05

           Step           Time
             92       92.00000

   Energies (kJ/mol)
           Bond       G96Angle  Restr. Angles    Proper Dih.  Improper Dih.
    9.39814e+01    2.38311e+02    1.15051e+02    3.76713e+01    2.01927e+00
        LJ (SR)   Coulomb (SR) Position Rest.      Potential Pressure (bar)
   -1.83392e+05   -4.15352e+02    2.76487e+01   -1.83292e+05   -2.36251e+03
   Constr. rmsd
    3.40383e-05

           Step           Time
             93       93.00000

           Step           Time
             94       94.00000

   Energies (kJ/mol)
           Bond       G96Angle  Restr. Angles    Proper Dih.  Improper Dih.
    9.38119e+01    2.38034e+02    1.15586e+02    4.35063e+01    2.01008e+00
        LJ (SR)   Coulomb (SR) Position Rest.      Potential Pressure (bar)
   -1.83428e+05   -4.15367e+02    2.77298e+01   -1.83323e+05   -2.36349e+03
   Constr. rmsd
    9.47848e-06

           Step           Time
             95       95.00000

   Energies (kJ/mol)
           Bond       G96Angle  Restr. Angles    Proper Dih.  Improper Dih.
    9.37522e+01    2.41318e+02    1.14691e+02    4.16133e+01    1.99906e+00
        LJ (SR)   Coulomb (SR) Position Rest.      Potential Pressure (bar)
   -1.83456e+05   -4.15403e+02    2.78108e+01   -1.83350e+05   -2.36510e+03
   Constr. rmsd
    1.54665e-05

           Step           Time
             96       96.00000

   Energies (kJ/mol)
           Bond       G96Angle  Restr. Angles    Proper Dih.  Improper Dih.
    9.40339e+01    2.44809e+02    1.15663e+02    5.32862e+01    1.98988e+00
        LJ (SR)   Coulomb (SR) Position Rest.      Potential Pressure (bar)
   -1.83493e+05   -4.15418e+02    2.78924e+01   -1.83371e+05   -2.36575e+03
   Constr. rmsd
    3.37602e-05

           Step           Time
             97       97.00000

   Energies (kJ/mol)
           Bond       G96Angle  Restr. Angles    Proper Dih.  Improper Dih.
    9.35915e+01    2.43912e+02    1.14435e+02    4.49534e+01    1.98011e+00
        LJ (SR)   Coulomb (SR) Position Rest.      Potential Pressure (bar)
   -1.83517e+05   -4.15450e+02    2.79570e+01   -1.83406e+05   -2.36723e+03
   Constr. rmsd
    4.38226e-05

           Step           Time
             98       98.00000

           Step           Time
             99       99.00000

   Energies (kJ/mol)
           Bond       G96Angle  Restr. Angles    Proper Dih.  Improper Dih.
    9.25188e+01    2.34581e+02    1.15068e+02    3.77289e+01    1.97501e+00
        LJ (SR)   Coulomb (SR) Position Rest.      Potential Pressure (bar)
   -1.83546e+05   -4.15459e+02    2.80013e+01   -1.83451e+05   -2.36808e+03
   Constr. rmsd
    1.20671e-05

           Step           Time
            100      100.00000

   Energies (kJ/mol)
           Bond       G96Angle  Restr. Angles    Proper Dih.  Improper Dih.
    9.34026e+01    2.48985e+02    1.13995e+02    5.27548e+01    1.95251e+00
        LJ (SR)   Coulomb (SR) Position Rest.      Potential Pressure (bar)
   -1.83603e+05   -4.15517e+02    2.81630e+01   -1.83479e+05   -2.37029e+03
   Constr. rmsd
    2.04851e-05

           Step           Time
            101      101.00000

   Energies (kJ/mol)
           Bond       G96Angle  Restr. Angles    Proper Dih.  Improper Dih.
    9.19395e+01    2.36036e+02    1.14932e+02    4.00692e+01    1.94753e+00
        LJ (SR)   Coulomb (SR) Position Rest.      Potential Pressure (bar)
   -1.83636e+05   -4.15527e+02    2.82056e+01   -1.83538e+05   -2.37119e+03
   Constr. rmsd
    2.96103e-05

           Step           Time
            102      102.00000

           Step           Time
            103      103.00000

   Energies (kJ/mol)
           Bond       G96Angle  Restr. Angles    Proper Dih.  Improper Dih.
    9.17541e+01    2.36479e+02    1.14191e+02    3.86175e+01    1.93781e+00
        LJ (SR)   Coulomb (SR) Position Rest.      Potential Pressure (bar)
   -1.83662e+05   -4.15551e+02    2.82684e+01   -1.83567e+05   -2.37220e+03
   Constr. rmsd
    7.61913e-06

           Step           Time
            104      104.00000

   Energies (kJ/mol)
           Bond       G96Angle  Restr. Angles    Proper Dih.  Improper Dih.
    9.18027e+01    2.39280e+02    1.14929e+02    4.46227e+01    1.92840e+00
        LJ (SR)   Coulomb (SR) Position Rest.      Potential Pressure (bar)
   -1.83697e+05   -4.15573e+02    2.83384e+01   -1.83591e+05   -2.37294e+03
   Constr. rmsd
    1.45217e-05

           Step           Time
            105      105.00000

   Energies (kJ/mol)
           Bond       G96Angle  Restr. Angles    Proper Dih.  Improper Dih.
    9.15289e+01    2.38116e+02    1.13970e+02    4.07288e+01    1.91950e+00
        LJ (SR)   Coulomb (SR) Position Rest.      Potential Pressure (bar)
   -1.83720e+05   -4.15595e+02    2.83924e+01   -1.83621e+05   -2.37389e+03
   Constr. rmsd
    1.99567e-05

           Step           Time
            106      106.00000

   Energies (kJ/mol)
           Bond       G96Angle  Restr. Angles    Proper Dih.  Improper Dih.
    9.21864e+01    2.47288e+02    1.15013e+02    5.52895e+01    1.90939e+00
        LJ (SR)   Coulomb (SR) Position Rest.      Potential Pressure (bar)
   -1.83754e+05   -4.15620e+02    2.84668e+01   -1.83630e+05   -2.37450e+03
   Constr. rmsd
    4.18566e-05

           Step           Time
            107      107.00000

   Energies (kJ/mol)
           Bond       G96Angle  Restr. Angles    Proper Dih.  Improper Dih.
    9.13819e+01    2.40223e+02    1.13767e+02    4.31929e+01    1.90120e+00
        LJ (SR)   Coulomb (SR) Position Rest.      Potential Pressure (bar)
   -1.83778e+05   -4.15638e+02    2.85120e+01   -1.83674e+05   -2.37554e+03
   Constr. rmsd
    5.13111e-05

           Step           Time
            108      108.00000

           Step           Time
            109      109.00000

   Energies (kJ/mol)
           Bond       G96Angle  Restr. Angles    Proper Dih.  Improper Dih.
    9.06157e+01    2.35086e+02    1.14425e+02    3.90923e+01    1.89538e+00
        LJ (SR)   Coulomb (SR) Position Rest.      Potential Pressure (bar)
   -1.83805e+05   -4.15654e+02    2.85532e+01   -1.83711e+05   -2.37629e+03
   Constr. rmsd
    1.51487e-05

           Step           Time
            110      110.00000

   Energies (kJ/mol)
           Bond       G96Angle  Restr. Angles    Proper Dih.  Improper Dih.
    9.15491e+01    2.46458e+02    1.13382e+02    5.17786e+01    1.88021e+00
        LJ (SR)   Coulomb (SR) Position Rest.      Potential Pressure (bar)
   -1.83840e+05   -4.15689e+02    2.86439e+01   -1.83722e+05   -2.37707e+03
   Constr. rmsd
    2.71153e-05

           Step           Time
            111      111.00000

   Energies (kJ/mol)
           Bond       G96Angle  Restr. Angles    Proper Dih.  Improper Dih.
    9.04294e+01    2.38141e+02    1.14404e+02    4.31873e+01    1.87476e+00
        LJ (SR)   Coulomb (SR) Position Rest.      Potential Pressure (bar)
   -1.83871e+05   -4.15704e+02    2.86831e+01   -1.83770e+05   -2.37785e+03
   Constr. rmsd
    4.18462e-05

           Step           Time
            112      112.00000

           Step           Time
            113      113.00000

   Energies (kJ/mol)
           Bond       G96Angle  Restr. Angles    Proper Dih.  Improper Dih.
    8.99228e+01    2.34078e+02    1.13649e+02    3.71414e+01    1.86784e+00
        LJ (SR)   Coulomb (SR) Position Rest.      Potential Pressure (bar)
   -1.83891e+05   -4.15719e+02    2.87211e+01   -1.83802e+05   -2.37858e+03
   Constr. rmsd
    9.28980e-06

           Step           Time
            114      114.00000

   Energies (kJ/mol)
           Bond       G96Angle  Restr. Angles    Proper Dih.  Improper Dih.
    9.02696e+01    2.41136e+02    1.14346e+02    4.70172e+01    1.85569e+00
        LJ (SR)   Coulomb (SR) Position Rest.      Potential Pressure (bar)
   -1.83931e+05   -4.15749e+02    2.87975e+01   -1.83823e+05   -2.37929e+03
   Constr. rmsd
    1.52024e-05

           Step           Time
            115      115.00000

   Energies (kJ/mol)
           Bond       G96Angle  Restr. Angles    Proper Dih.  Improper Dih.
    8.96913e+01    2.35758e+02    1.13409e+02    3.91293e+01    1.84849e+00
        LJ (SR)   Coulomb (SR) Position Rest.      Potential Pressure (bar)
   -1.83952e+05   -4.15764e+02    2.88348e+01   -1.83859e+05   -2.37999e+03
   Constr. rmsd
    2.18340e-05

           Step           Time
            116      116.00000

           Step           Time
            117      117.00000

   Energies (kJ/mol)
           Bond       G96Angle  Restr. Angles    Proper Dih.  Improper Dih.
    8.92310e+01    2.33671e+02    1.13884e+02    3.74352e+01    1.84252e+00
        LJ (SR)   Coulomb (SR) Position Rest.      Potential Pressure (bar)
   -1.83976e+05   -4.15780e+02    2.88717e+01   -1.83887e+05   -2.38057e+03
   Constr. rmsd
    6.07601e-06

           Step           Time
            118      118.00000

   Energies (kJ/mol)
           Bond       G96Angle  Restr. Angles    Proper Dih.  Improper Dih.
    8.96068e+01    2.38867e+02    1.13091e+02    4.33163e+01    1.82930e+00
        LJ (SR)   Coulomb (SR) Position Rest.      Potential Pressure (bar)
   -1.84011e+05   -4.15808e+02    2.89447e+01   -1.83911e+05   -2.38121e+03
   Constr. rmsd
    1.09059e-05

           Step           Time
            119      119.00000

   Energies (kJ/mol)
           Bond       G96Angle  Restr. Angles    Proper Dih.  Improper Dih.
    8.90390e+01    2.36079e+02    1.13868e+02    4.07573e+01    1.82323e+00
        LJ (SR)   Coulomb (SR) Position Rest.      Potential Pressure (bar)
   -1.84037e+05   -4.15825e+02    2.89822e+01   -1.83942e+05   -2.38175e+03
   Constr. rmsd
    1.89769e-05

           Step           Time
            120      120.00000

   Energies (kJ/mol)
           Bond       G96Angle  Restr. Angles    Proper Dih.  Improper Dih.
    8.97877e+01    2.43515e+02    1.12816e+02    4.90881e+01    1.81203e+00
        LJ (SR)   Coulomb (SR) Position Rest.      Potential Pressure (bar)
   -1.84062e+05   -4.15848e+02    2.90412e+01   -1.83952e+05   -2.38207e+03
   Constr. rmsd
    3.01986e-05

           Step           Time
            121      121.00000

   Energies (kJ/mol)
           Bond       G96Angle  Restr. Angles    Proper Dih.  Improper Dih.
    8.92651e+01    2.41839e+02    1.13949e+02    4.84166e+01    1.80586e+00
        LJ (SR)   Coulomb (SR) Position Rest.      Potential Pressure (bar)
   -1.84090e+05   -4.15866e+02    2.90801e+01   -1.83982e+05   -2.38263e+03
   Constr. rmsd
    5.35045e-05

           Step           Time
            122      122.00000

           Step           Time
            123      123.00000

   Energies (kJ/mol)
           Bond       G96Angle  Restr. Angles    Proper Dih.  Improper Dih.
    8.82682e+01    2.32123e+02    1.13170e+02    3.55933e+01    1.80080e+00
        LJ (SR)   Coulomb (SR) Position Rest.      Potential Pressure (bar)
   -1.84109e+05   -4.15875e+02    2.91048e+01   -1.84025e+05   -2.38325e+03
   Constr. rmsd
    1.05859e-05

           Step           Time
            124      124.00000

   Energies (kJ/mol)
           Bond       G96Angle  Restr. Angles    Proper Dih.  Improper Dih.
    8.86985e+01    2.42343e+02    1.13674e+02    4.84014e+01    1.78038e+00
        LJ (SR)   Coulomb (SR) Position Rest.      Potential Pressure (bar)
   -1.84171e+05   -4.15923e+02    2.92191e+01   -1.84063e+05   -2.38397e+03
   Constr. rmsd
    1.34596e-05

           Step           Time
            125      125.00000

   Energies (kJ/mol)
           Bond       G96Angle  Restr. Angles    Proper Dih.  Improper Dih.
    8.78915e+01    2.33740e+02    1.12830e+02    3.73806e+01    1.77466e+00
        LJ (SR)   Coulomb (SR) Position Rest.      Potential Pressure (bar)
   -1.84191e+05   -4.15934e+02    2.92469e+01   -1.84104e+05   -2.38445e+03
   Constr. rmsd
    2.19627e-05

           Step           Time
            126      126.00000

           Step           Time
            127      127.00000

   Energies (kJ/mol)
           Bond       G96Angle  Restr. Angles    Proper Dih.  Improper Dih.
    8.76753e+01    2.34611e+02    1.13302e+02    3.90995e+01    1.76743e+00
        LJ (SR)   Coulomb (SR) Position Rest.      Potential Pressure (bar)
   -1.84217e+05   -4.15952e+02    2.92864e+01   -1.84128e+05   -2.38490e+03
   Constr. rmsd
    7.31136e-06

           Step           Time
            128      128.00000

   Energies (kJ/mol)
           Bond       G96Angle  Restr. Angles    Proper Dih.  Improper Dih.
    8.78171e+01    2.35817e+02    1.12554e+02    4.01954e+01    1.75904e+00
        LJ (SR)   Coulomb (SR) Position Rest.      Potential Pressure (bar)
   -1.84240e+05   -4.15969e+02    2.93284e+01   -1.84149e+05   -2.38513e+03
   Constr. rmsd
    1.14496e-05

           Step           Time
            129      129.00000

   Energies (kJ/mol)
           Bond       G96Angle  Restr. Angles    Proper Dih.  Improper Dih.
    8.78704e+01    2.39755e+02    1.13393e+02    4.59269e+01    1.75152e+00
        LJ (SR)   Coulomb (SR) Position Rest.      Potential Pressure (bar)
   -1.84267e+05   -4.15989e+02    2.93706e+01   -1.84165e+05   -2.38533e+03
   Constr. rmsd
    2.45016e-05

           Step           Time
            130      130.00000

   Energies (kJ/mol)
           Bond       G96Angle  Restr. Angles    Proper Dih.  Improper Dih.
    8.78207e+01    2.38252e+02    1.12348e+02    4.30867e+01    1.74429e+00
        LJ (SR)   Coulomb (SR) Position Rest.      Potential Pressure (bar)
   -1.84287e+05   -4.16001e+02    2.94054e+01   -1.84190e+05   -2.38550e+03
   Constr. rmsd
    3.23368e-05

           Step           Time
            131      131.00000

           Step           Time
            132      132.00000

   Energies (kJ/mol)
           Bond       G96Angle  Restr. Angles    Proper Dih.  Improper Dih.
    8.69066e+01    2.31975e+02    1.12907e+02    3.60756e+01    1.74007e+00
        LJ (SR)   Coulomb (SR) Position Rest.      Potential Pressure (bar)
   -1.84309e+05   -4.16013e+02    2.94289e+01   -1.84226e+05   -2.38601e+03
   Constr. rmsd
    8.89212e-06

           Step           Time
            133      133.00000

   Energies (kJ/mol)
           Bond       G96Angle  Restr. Angles    Proper Dih.  Improper Dih.
    8.78036e+01    2.42527e+02    1.11994e+02    4.91004e+01    1.72234e+00
        LJ (SR)   Coulomb (SR) Position Rest.      Potential Pressure (bar)
   -1.84355e+05   -4.16049e+02    2.95213e+01   -1.84248e+05   -2.38620e+03
   Constr. rmsd
    1.47508e-05

           Step           Time
            134      134.00000

   Energies (kJ/mol)
           Bond       G96Angle  Restr. Angles    Proper Dih.  Improper Dih.
    8.65517e+01    2.33267e+02    1.12829e+02    3.78847e+01    1.71802e+00
        LJ (SR)   Coulomb (SR) Position Rest.      Potential Pressure (bar)
   -1.84380e+05   -4.16061e+02    2.95449e+01   -1.84295e+05   -2.38679e+03
   Constr. rmsd
    2.16931e-05

           Step           Time
            135      135.00000

           Step           Time
            136      136.00000

   Energies (kJ/mol)
           Bond       G96Angle  Restr. Angles    Proper Dih.  Improper Dih.
    8.65388e+01    2.33386e+02    1.12184e+02    3.75160e+01    1.71080e+00
        LJ (SR)   Coulomb (SR) Position Rest.      Potential Pressure (bar)
   -1.84402e+05   -4.16074e+02    2.95808e+01   -1.84317e+05   -2.38689e+03
   Constr. rmsd
    5.61138e-06

           Step           Time
            137      137.00000

   Energies (kJ/mol)
           Bond       G96Angle  Restr. Angles    Proper Dih.  Improper Dih.
    8.64998e+01    2.35829e+02    1.12846e+02    4.12683e+01    1.70348e+00
        LJ (SR)   Coulomb (SR) Position Rest.      Potential Pressure (bar)
   -1.84428e+05   -4.16092e+02    2.96199e+01   -1.84336e+05   -2.38705e+03
   Constr. rmsd
    1.03908e-05

           Step           Time
            138      138.00000

   Energies (kJ/mol)
           Bond       G96Angle  Restr. Angles    Proper Dih.  Improper Dih.
    8.64697e+01    2.34954e+02    1.12002e+02    3.94248e+01    1.69688e+00
        LJ (SR)   Coulomb (SR) Position Rest.      Potential Pressure (bar)
   -1.84446e+05   -4.16103e+02    2.96523e+01   -1.84358e+05   -2.38714e+03
   Constr. rmsd
    1.46315e-05

           Step           Time
            139      139.00000

   Energies (kJ/mol)
           Bond       G96Angle  Restr. Angles    Proper Dih.  Improper Dih.
    8.68504e+01    2.42230e+02    1.12949e+02    4.96102e+01    1.68900e+00
        LJ (SR)   Coulomb (SR) Position Rest.      Potential Pressure (bar)
   -1.84473e+05   -4.16123e+02    2.96949e+01   -1.84366e+05   -2.38709e+03
   Constr. rmsd
    3.03426e-05

           Step           Time
            140      140.00000

   Energies (kJ/mol)
           Bond       G96Angle  Restr. Angles    Proper Dih.  Improper Dih.
    8.64728e+01    2.37067e+02    1.11831e+02    4.18035e+01    1.68322e+00
        LJ (SR)   Coulomb (SR) Position Rest.      Potential Pressure (bar)
   -1.84491e+05   -4.16132e+02    2.97228e+01   -1.84399e+05   -2.38729e+03
   Constr. rmsd
    3.83519e-05

           Step           Time
            141      141.00000

           Step           Time
            142      142.00000

   Energies (kJ/mol)
           Bond       G96Angle  Restr. Angles    Proper Dih.  Improper Dih.
    8.57029e+01    2.32448e+02    1.12439e+02    3.70895e+01    1.67877e+00
        LJ (SR)   Coulomb (SR) Position Rest.      Potential Pressure (bar)
   -1.84513e+05   -4.16144e+02    2.97468e+01   -1.84430e+05   -2.38756e+03
   Constr. rmsd
    1.10772e-05

           Step           Time
            143      143.00000

   Energies (kJ/mol)
           Bond       G96Angle  Restr. Angles    Proper Dih.  Improper Dih.
    8.67155e+01    2.42312e+02    1.11508e+02    4.89021e+01    1.66705e+00
        LJ (SR)   Coulomb (SR) Position Rest.      Potential Pressure (bar)
   -1.84543e+05   -4.16165e+02    2.98076e+01   -1.84438e+05   -2.38713e+03
   Constr. rmsd
    1.99445e-05

           Step           Time
            144      144.00000

   Energies (kJ/mol)
           Bond       G96Angle  Restr. Angles    Proper Dih.  Improper Dih.
    8.55667e+01    2.34617e+02    1.12430e+02    3.99245e+01    1.66264e+00
        LJ (SR)   Coulomb (SR) Position Rest.      Potential Pressure (bar)
   -1.84568e+05   -4.16178e+02    2.98317e+01   -1.84480e+05   -2.38752e+03
   Constr. rmsd
    2.95530e-05

           Step           Time
            145      145.00000

           Step           Time
            146      146.00000

   Energies (kJ/mol)
           Bond       G96Angle  Restr. Angles    Proper Dih.  Improper Dih.
    8.53605e+01    2.32300e+02    1.11754e+02    3.64660e+01    1.65738e+00
        LJ (SR)   Coulomb (SR) Position Rest.      Potential Pressure (bar)
   -1.84585e+05   -4.16186e+02    2.98585e+01   -1.84504e+05   -2.38761e+03
   Constr. rmsd
    6.83282e-06

           Step           Time
            147      147.00000

   Energies (kJ/mol)
           Bond       G96Angle  Restr. Angles    Proper Dih.  Improper Dih.
    8.55422e+01    2.37319e+02    1.12427e+02    4.33427e+01    1.64915e+00
        LJ (SR)   Coulomb (SR) Position Rest.      Potential Pressure (bar)
   -1.84613e+05   -4.16205e+02    2.99034e+01   -1.84519e+05   -2.38745e+03
   Constr. rmsd
    1.16265e-05

           Step           Time
            148      148.00000

   Energies (kJ/mol)
           Bond       G96Angle  Restr. Angles    Proper Dih.  Improper Dih.
    8.53026e+01    2.33918e+02    1.11565e+02    3.83111e+01    1.64389e+00
        LJ (SR)   Coulomb (SR) Position Rest.      Potential Pressure (bar)
   -1.84631e+05   -4.16212e+02    2.99303e+01   -1.84546e+05   -2.38749e+03
   Constr. rmsd
    1.67506e-05

           Step           Time
            149      149.00000

           Step           Time
            150      150.00000

   Energies (kJ/mol)
           Bond       G96Angle  Restr. Angles    Proper Dih.  Improper Dih.
    8.48020e+01    2.31448e+02    1.12017e+02    3.57805e+01    1.63968e+00
        LJ (SR)   Coulomb (SR) Position Rest.      Potential Pressure (bar)
   -1.84649e+05   -4.16223e+02    2.99531e+01   -1.84570e+05   -2.38766e+03
   Constr. rmsd
    4.61299e-06

           Step           Time
            151      151.00000

   Energies (kJ/mol)
           Bond       G96Angle  Restr. Angles    Proper Dih.  Improper Dih.
    8.53449e+01    2.36976e+02    1.11285e+02    4.22768e+01    1.62861e+00
        LJ (SR)   Coulomb (SR) Position Rest.      Potential Pressure (bar)
   -1.84682e+05   -4.16242e+02    3.00127e+01   -1.84591e+05   -2.38735e+03
   Constr. rmsd
    8.52625e-06

           Step           Time
            152      152.00000

   Energies (kJ/mol)
           Bond       G96Angle  Restr. Angles    Proper Dih.  Improper Dih.
    8.46147e+01    2.32850e+02    1.11991e+02    3.76635e+01    1.62430e+00
        LJ (SR)   Coulomb (SR) Position Rest.      Potential Pressure (bar)
   -1.84703e+05   -4.16253e+02    3.00362e+01   -1.84621e+05   -2.38748e+03
   Constr. rmsd
    1.32126e-05

           Step           Time
            153      153.00000

   Energies (kJ/mol)
           Bond       G96Angle  Restr. Angles    Proper Dih.  Improper Dih.
    8.56832e+01    2.41995e+02    1.11028e+02    4.84103e+01    1.61517e+00
        LJ (SR)   Coulomb (SR) Position Rest.      Potential Pressure (bar)
   -1.84726e+05   -4.16267e+02    3.00853e+01   -1.84624e+05   -2.38691e+03
   Constr. rmsd
    2.30120e-05

           Step           Time
            154      154.00000

   Energies (kJ/mol)
           Bond       G96Angle  Restr. Angles    Proper Dih.  Improper Dih.
    8.46842e+01    2.36219e+02    1.12041e+02    4.21840e+01    1.61068e+00
        LJ (SR)   Coulomb (SR) Position Rest.      Potential Pressure (bar)
   -1.84751e+05   -4.16280e+02    3.01094e+01   -1.84661e+05   -2.38717e+03
   Constr. rmsd
    3.69963e-05

           Step           Time
            155      155.00000

           Step           Time
            156      156.00000

   Energies (kJ/mol)
           Bond       G96Angle  Restr. Angles    Proper Dih.  Improper Dih.
    8.42883e+01    2.31518e+02    1.11325e+02    3.56240e+01    1.60665e+00
        LJ (SR)   Coulomb (SR) Position Rest.      Potential Pressure (bar)
   -1.84766e+05   -4.16285e+02    3.01310e+01   -1.84688e+05   -2.38722e+03
   Constr. rmsd
    8.25665e-06

           Step           Time
            157      157.00000

   Energies (kJ/mol)
           Bond       G96Angle  Restr. Angles    Proper Dih.  Improper Dih.
    8.46674e+01    2.38852e+02    1.12006e+02    4.53710e+01    1.59746e+00
        LJ (SR)   Coulomb (SR) Position Rest.      Potential Pressure (bar)
   -1.84798e+05   -4.16304e+02    3.01817e+01   -1.84701e+05   -2.38684e+03
   Constr. rmsd
    1.27494e-05

           Step           Time
            158      158.00000

   Energies (kJ/mol)
           Bond       G96Angle  Restr. Angles    Proper Dih.  Improper Dih.
    8.42441e+01    2.33205e+02    1.11125e+02    3.74524e+01    1.59333e+00
        LJ (SR)   Coulomb (SR) Position Rest.      Potential Pressure (bar)
   -1.84814e+05   -4.16309e+02    3.02046e+01   -1.84733e+05   -2.38684e+03
   Constr. rmsd
    1.91267e-05

           Step           Time
            159      159.00000

           Step           Time
            160      160.00000

   Energies (kJ/mol)
           Bond       G96Angle  Restr. Angles    Proper Dih.  Improper Dih.
    8.38333e+01    2.31872e+02    1.11596e+02    3.64042e+01    1.58897e+00
        LJ (SR)   Coulomb (SR) Position Rest.      Potential Pressure (bar)
   -1.84833e+05   -4.16318e+02    3.02287e+01   -1.84754e+05   -2.38679e+03
   Constr. rmsd
    5.33573e-06

           Step           Time
            161      161.00000

   Energies (kJ/mol)
           Bond       G96Angle  Restr. Angles    Proper Dih.  Improper Dih.
    8.43307e+01    2.35964e+02    1.10871e+02    4.10031e+01    1.58129e+00
        LJ (SR)   Coulomb (SR) Position Rest.      Potential Pressure (bar)
   -1.84857e+05   -4.16329e+02    3.02725e+01   -1.84769e+05   -2.38623e+03
   Constr. rmsd
    9.39035e-06

           Step           Time
            162      162.00000

   Energies (kJ/mol)
           Bond       G96Angle  Restr. Angles    Proper Dih.  Improper Dih.
    8.38408e+01    2.34568e+02    1.11642e+02    3.99491e+01    1.57665e+00
        LJ (SR)   Coulomb (SR) Position Rest.      Potential Pressure (bar)
   -1.84878e+05   -4.16340e+02    3.02983e+01   -1.84793e+05   -2.38618e+03
   Constr. rmsd
    1.71255e-05

           Step           Time
            163      163.00000

   Energies (kJ/mol)
           Bond       G96Angle  Restr. Angles    Proper Dih.  Improper Dih.
    8.45978e+01    2.39845e+02    1.10657e+02    4.56837e+01    1.57050e+00
        LJ (SR)   Coulomb (SR) Position Rest.      Potential Pressure (bar)
   -1.84895e+05   -4.16347e+02    3.03346e+01   -1.84799e+05   -2.38555e+03
   Constr. rmsd
    2.61519e-05

           Step           Time
            164      164.00000

   Energies (kJ/mol)
           Bond       G96Angle  Restr. Angles    Proper Dih.  Improper Dih.
    8.42451e+01    2.40766e+02    1.11782e+02    4.80763e+01    1.56539e+00
        LJ (SR)   Coulomb (SR) Position Rest.      Potential Pressure (bar)
   -1.84918e+05   -4.16360e+02    3.03626e+01   -1.84817e+05   -2.38545e+03
   Constr. rmsd
    4.85701e-05

           Step           Time
            165      165.00000

   Energies (kJ/mol)
           Bond       G96Angle  Restr. Angles    Proper Dih.  Improper Dih.
    8.52024e+01    2.46570e+02    1.10441e+02    5.35264e+01    1.56019e+00
        LJ (SR)   Coulomb (SR) Position Rest.      Potential Pressure (bar)
   -1.84930e+05   -4.16364e+02    3.03943e+01   -1.84818e+05   -2.38482e+03
   Constr. rmsd
    7.24538e-05

           Step           Time
            166      166.00000

           Step           Time
            167      167.00000

   Energies (kJ/mol)
           Bond       G96Angle  Restr. Angles    Proper Dih.  Improper Dih.
    8.31597e+01    2.30346e+02    1.11140e+02    3.45645e+01    1.55735e+00
        LJ (SR)   Coulomb (SR) Position Rest.      Potential Pressure (bar)
   -1.84954e+05   -4.16372e+02    3.04093e+01   -1.84880e+05   -2.38546e+03
   Constr. rmsd
    1.69285e-05

           Step           Time
            168      168.00000

   Energies (kJ/mol)
           Bond       G96Angle  Restr. Angles    Proper Dih.  Improper Dih.
    8.39792e+01    2.44021e+02    1.10116e+02    5.05917e+01    1.53102e+00
        LJ (SR)   Coulomb (SR) Position Rest.      Potential Pressure (bar)
   -1.85045e+05   -4.16407e+02    3.05779e+01   -1.84941e+05   -2.38337e+03
   Constr. rmsd
    1.64723e-05

           Step           Time
            169      169.00000

   Energies (kJ/mol)
           Bond       G96Angle  Restr. Angles    Proper Dih.  Improper Dih.
    8.26728e+01    2.32468e+02    1.11112e+02    3.71687e+01    1.52755e+00
        LJ (SR)   Coulomb (SR) Position Rest.      Potential Pressure (bar)
   -1.85071e+05   -4.16415e+02    3.05960e+01   -1.84992e+05   -2.38362e+03
   Constr. rmsd
    2.75579e-05

           Step           Time
            170      170.00000

           Step           Time
            171      171.00000

   Energies (kJ/mol)
           Bond       G96Angle  Restr. Angles    Proper Dih.  Improper Dih.
    8.29982e+01    2.34713e+02    1.10317e+02    3.86589e+01    1.52271e+00
        LJ (SR)   Coulomb (SR) Position Rest.      Potential Pressure (bar)
   -1.85089e+05   -4.16418e+02    3.06283e+01   -1.85006e+05   -2.38311e+03
   Constr. rmsd
    1.00152e-05

           Step           Time
            172      172.00000

   Energies (kJ/mol)
           Bond       G96Angle  Restr. Angles    Proper Dih.  Improper Dih.
    8.28475e+01    2.36082e+02    1.11178e+02    4.22053e+01    1.51796e+00
        LJ (SR)   Coulomb (SR) Position Rest.      Potential Pressure (bar)
   -1.85109e+05   -4.16426e+02    3.06569e+01   -1.85021e+05   -2.38275e+03
   Constr. rmsd
    1.87641e-05

           Step           Time
            173      173.00000

   Energies (kJ/mol)
           Bond       G96Angle  Restr. Angles    Proper Dih.  Improper Dih.
    8.34361e+01    2.39446e+02    1.10092e+02    4.45040e+01    1.51370e+00
        LJ (SR)   Coulomb (SR) Position Rest.      Potential Pressure (bar)
   -1.85124e+05   -4.16427e+02    3.06874e+01   -1.85031e+05   -2.38217e+03
   Constr. rmsd
    3.21718e-05

           Step           Time
            174      174.00000

   Energies (kJ/mol)
           Bond       G96Angle  Restr. Angles    Proper Dih.  Improper Dih.
    8.34652e+01    2.43983e+02    1.11341e+02    5.24854e+01    1.50882e+00
        LJ (SR)   Coulomb (SR) Position Rest.      Potential Pressure (bar)
   -1.85144e+05   -4.16437e+02    3.07165e+01   -1.85037e+05   -2.38173e+03
   Constr. rmsd
    5.98223e-05

           Step           Time
            175      175.00000

   Energies (kJ/mol)
           Bond       G96Angle  Restr. Angles    Proper Dih.  Improper Dih.
    8.40625e+01    2.45970e+02    1.09906e+02    5.19587e+01    1.50531e+00
        LJ (SR)   Coulomb (SR) Position Rest.      Potential Pressure (bar)
   -1.85156e+05   -4.16435e+02    3.07440e+01   -1.85048e+05   -2.38117e+03
   Constr. rmsd
    8.59747e-05

           Step           Time
            176      176.00000

           Step           Time
            177      177.00000

   Energies (kJ/mol)
           Bond       G96Angle  Restr. Angles    Proper Dih.  Improper Dih.
    8.21207e+01    2.30697e+02    1.10664e+02    3.50877e+01    1.50256e+00
        LJ (SR)   Coulomb (SR) Position Rest.      Potential Pressure (bar)
   -1.85180e+05   -4.16441e+02    3.07597e+01   -1.85105e+05   -2.38165e+03
   Constr. rmsd
    2.11538e-05

           Step           Time
            178      178.00000

   Energies (kJ/mol)
           Bond       G96Angle  Restr. Angles    Proper Dih.  Improper Dih.
    8.39539e+01    2.48888e+02    1.09611e+02    5.75634e+01    1.48992e+00
        LJ (SR)   Coulomb (SR) Position Rest.      Potential Pressure (bar)
   -1.85221e+05   -4.16446e+02    3.08557e+01   -1.85105e+05   -2.37955e+03
   Constr. rmsd
    2.76754e-05

           Step           Time
            179      179.00000

   Energies (kJ/mol)
           Bond       G96Angle  Restr. Angles    Proper Dih.  Improper Dih.
    8.19685e+01    2.32995e+02    1.10681e+02    3.79309e+01    1.48672e+00
        LJ (SR)   Coulomb (SR) Position Rest.      Potential Pressure (bar)
   -1.85249e+05   -4.16454e+02    3.08734e+01   -1.85170e+05   -2.38004e+03
   Constr. rmsd
    4.17771e-05

           Step           Time
            180      180.00000

           Step           Time
            181      181.00000

   Energies (kJ/mol)
           Bond       G96Angle  Restr. Angles    Proper Dih.  Improper Dih.
    8.23876e+01    2.35823e+02    1.09847e+02    4.00784e+01    1.48276e+00
        LJ (SR)   Coulomb (SR) Position Rest.      Potential Pressure (bar)
   -1.85266e+05   -4.16453e+02    3.09061e+01   -1.85182e+05   -2.37945e+03
   Constr. rmsd
    1.39662e-05

           Step           Time
            182      182.00000

   Energies (kJ/mol)
           Bond       G96Angle  Restr. Angles    Proper Dih.  Improper Dih.
    8.21558e+01    2.36588e+02    1.10778e+02    4.27956e+01    1.47865e+00
        LJ (SR)   Coulomb (SR) Position Rest.      Potential Pressure (bar)
   -1.85286e+05   -4.16459e+02    3.09332e+01   -1.85197e+05   -2.37904e+03
   Constr. rmsd
    2.35700e-05

           Step           Time
            183      183.00000

   Energies (kJ/mol)
           Bond       G96Angle  Restr. Angles    Proper Dih.  Improper Dih.
    8.29347e+01    2.41369e+02    1.09636e+02    4.67508e+01    1.47531e+00
        LJ (SR)   Coulomb (SR) Position Rest.      Potential Pressure (bar)
   -1.85298e+05   -4.16456e+02    3.09644e+01   -1.85201e+05   -2.37823e+03
   Constr. rmsd
    3.99049e-05

           Step           Time
            184      184.00000

   Energies (kJ/mol)
           Bond       G96Angle  Restr. Angles    Proper Dih.  Improper Dih.
    8.28363e+01    2.45013e+02    1.10955e+02    5.37307e+01    1.47105e+00
        LJ (SR)   Coulomb (SR) Position Rest.      Potential Pressure (bar)
   -1.85318e+05   -4.16463e+02    3.09926e+01   -1.85209e+05   -2.37776e+03
   Constr. rmsd
    7.28266e-05

           Step           Time
            185      185.00000

   Energies (kJ/mol)
           Bond       G96Angle  Restr. Angles    Proper Dih.  Improper Dih.
    8.37727e+01    2.49559e+02    1.09443e+02    5.60967e+01    1.46838e+00
        LJ (SR)   Coulomb (SR) Position Rest.      Potential Pressure (bar)
   -1.85326e+05   -4.16458e+02    3.10211e+01   -1.85211e+05   -2.37692e+03
   Constr. rmsd
    1.06848e-04

           Step           Time
            186      186.00000

           Step           Time
            187      187.00000

   Energies (kJ/mol)
           Bond       G96Angle  Restr. Angles    Proper Dih.  Improper Dih.
    8.13956e+01    2.30434e+02    1.10234e+02    3.47041e+01    1.46594e+00
        LJ (SR)   Coulomb (SR) Position Rest.      Potential Pressure (bar)
   -1.85353e+05   -4.16463e+02    3.10361e+01   -1.85280e+05   -2.37756e+03
   Constr. rmsd
    2.53172e-05

           Step           Time
            188      188.00000

   Energies (kJ/mol)
           Bond       G96Angle  Restr. Angles    Proper Dih.  Improper Dih.
    8.32086e+01    2.49311e+02    1.09181e+02    5.77887e+01    1.45384e+00
        LJ (SR)   Coulomb (SR) Position Rest.      Potential Pressure (bar)
   -1.85401e+05   -4.16458e+02    3.11510e+01   -1.85285e+05   -2.37487e+03
   Constr. rmsd
    2.90921e-05

           Step           Time
            189      189.00000

   Energies (kJ/mol)
           Bond       G96Angle  Restr. Angles    Proper Dih.  Improper Dih.
    8.12621e+01    2.33117e+02    1.10293e+02    3.80290e+01    1.45087e+00
        LJ (SR)   Coulomb (SR) Position Rest.      Potential Pressure (bar)
   -1.85430e+05   -4.16464e+02    3.11683e+01   -1.85351e+05   -2.37533e+03
   Constr. rmsd
    4.52660e-05

           Step           Time
            190      190.00000

           Step           Time
            191      191.00000

   Energies (kJ/mol)
           Bond       G96Angle  Restr. Angles    Proper Dih.  Improper Dih.
    8.17769e+01    2.36634e+02    1.09406e+02    4.07204e+01    1.44795e+00
        LJ (SR)   Coulomb (SR) Position Rest.      Potential Pressure (bar)
   -1.85445e+05   -4.16459e+02    3.12006e+01   -1.85360e+05   -2.37455e+03
   Constr. rmsd
    1.66301e-05

           Step           Time
            192      192.00000

   Energies (kJ/mol)
           Bond       G96Angle  Restr. Angles    Proper Dih.  Improper Dih.
    8.15019e+01    2.37060e+02    1.10399e+02    4.34924e+01    1.44448e+00
        LJ (SR)   Coulomb (SR) Position Rest.      Potential Pressure (bar)
   -1.85464e+05   -4.16461e+02    3.12270e+01   -1.85375e+05   -2.37409e+03
   Constr. rmsd
    2.81493e-05

           Step           Time
            193      193.00000

           Step           Time
            194      194.00000

   Energies (kJ/mol)
           Bond       G96Angle  Restr. Angles    Proper Dih.  Improper Dih.
    8.09147e+01    2.29937e+02    1.09739e+02    3.35986e+01    1.44324e+00
        LJ (SR)   Coulomb (SR) Position Rest.      Potential Pressure (bar)
   -1.85476e+05   -4.16457e+02    3.12428e+01   -1.85406e+05   -2.37404e+03
   Constr. rmsd
    6.24890e-06

           Step           Time
            195      195.00000

   Energies (kJ/mol)
           Bond       G96Angle  Restr. Angles    Proper Dih.  Improper Dih.
    8.13082e+01    2.37566e+02    1.10185e+02    4.31933e+01    1.43480e+00
        LJ (SR)   Coulomb (SR) Position Rest.      Potential Pressure (bar)
   -1.85522e+05   -4.16455e+02    3.13257e+01   -1.85433e+05   -2.37230e+03
   Constr. rmsd
    7.53752e-06

           Step           Time
            196      196.00000

   Energies (kJ/mol)
           Bond       G96Angle  Restr. Angles    Proper Dih.  Improper Dih.
    8.08783e+01    2.31085e+02    1.09498e+02    3.46756e+01    1.43340e+00
        LJ (SR)   Coulomb (SR) Position Rest.      Potential Pressure (bar)
   -1.85535e+05   -4.16451e+02    3.13450e+01   -1.85463e+05   -2.37203e+03
   Constr. rmsd
    1.27526e-05

           Step           Time
            197      197.00000

           Step           Time
            198      198.00000

   Energies (kJ/mol)
           Bond       G96Angle  Restr. Angles    Proper Dih.  Improper Dih.
    8.06753e+01    2.31958e+02    1.09908e+02    3.63047e+01    1.43051e+00
        LJ (SR)   Coulomb (SR) Position Rest.      Potential Pressure (bar)
   -1.85553e+05   -4.16452e+02    3.13733e+01   -1.85478e+05   -2.37151e+03
   Constr. rmsd
    4.13293e-06

           Step           Time
            199      199.00000

   Energies (kJ/mol)
           Bond       G96Angle  Restr. Angles    Proper Dih.  Improper Dih.
    8.09561e+01    2.32535e+02    1.09312e+02    3.65300e+01    1.42831e+00
        LJ (SR)   Coulomb (SR) Position Rest.      Potential Pressure (bar)
   -1.85568e+05   -4.16447e+02    3.14030e+01   -1.85492e+05   -2.37073e+03
   Constr. rmsd
    6.43189e-06

           Step           Time
            200      200.00000

   Energies (kJ/mol)
           Bond       G96Angle  Restr. Angles    Proper Dih.  Improper Dih.
    8.08677e+01    2.35402e+02    1.10012e+02    4.09017e+01    1.42534e+00
        LJ (SR)   Coulomb (SR) Position Rest.      Potential Pressure (bar)
   -1.85586e+05   -4.16449e+02    3.14334e+01   -1.85503e+05   -2.37014e+03
   Constr. rmsd
    1.35853e-05

           Step           Time
            201      201.00000

   Energies (kJ/mol)
           Bond       G96Angle  Restr. Angles    Proper Dih.  Improper Dih.
    8.11079e+01    2.34523e+02    1.09164e+02    3.88715e+01    1.42380e+00
        LJ (SR)   Coulomb (SR) Position Rest.      Potential Pressure (bar)
   -1.85599e+05   -4.16442e+02    3.14593e+01   -1.85519e+05   -2.36949e+03
   Constr. rmsd
    1.88146e-05

           Step           Time
            202      202.00000

           Step           Time
            203      203.00000

   Energies (kJ/mol)
           Bond       G96Angle  Restr. Angles    Proper Dih.  Improper Dih.
    8.03478e+01    2.30128e+02    1.09648e+02    3.40263e+01    1.42213e+00
        LJ (SR)   Coulomb (SR) Position Rest.      Potential Pressure (bar)
   -1.85614e+05   -4.16443e+02    3.14764e+01   -1.85543e+05   -2.36938e+03
   Constr. rmsd
    5.23886e-06

           Step           Time
            204      204.00000

   Energies (kJ/mol)
           Bond       G96Angle  Restr. Angles    Proper Dih.  Improper Dih.
    8.12912e+01    2.37637e+02    1.08928e+02    4.29860e+01    1.41752e+00
        LJ (SR)   Coulomb (SR) Position Rest.      Potential Pressure (bar)
   -1.85646e+05   -4.16434e+02    3.15469e+01   -1.85559e+05   -2.36755e+03
   Constr. rmsd
    9.01403e-06

           Step           Time
            205      205.00000

   Energies (kJ/mol)
           Bond       G96Angle  Restr. Angles    Proper Dih.  Improper Dih.
    8.02395e+01    2.31101e+02    1.09642e+02    3.53662e+01    1.41570e+00
        LJ (SR)   Coulomb (SR) Position Rest.      Potential Pressure (bar)
   -1.85664e+05   -4.16436e+02    3.15649e+01   -1.85591e+05   -2.36755e+03
   Constr. rmsd
    1.30056e-05

           Step           Time
            206      206.00000

           Step           Time
            207      207.00000

   Energies (kJ/mol)
           Bond       G96Angle  Restr. Angles    Proper Dih.  Improper Dih.
    8.03904e+01    2.31227e+02    1.09124e+02    3.49156e+01    1.41418e+00
        LJ (SR)   Coulomb (SR) Position Rest.      Potential Pressure (bar)
   -1.85678e+05   -4.16430e+02    3.15930e+01   -1.85606e+05   -2.36688e+03
   Constr. rmsd
    3.40999e-06

           Step           Time
            208      208.00000

   Energies (kJ/mol)
           Bond       G96Angle  Restr. Angles    Proper Dih.  Improper Dih.
    8.02576e+01    2.32684e+02    1.09678e+02    3.74493e+01    1.41198e+00
        LJ (SR)   Coulomb (SR) Position Rest.      Potential Pressure (bar)
   -1.85697e+05   -4.16429e+02    3.16216e+01   -1.85620e+05   -2.36630e+03
   Constr. rmsd
    5.73309e-06

           Step           Time
            209      209.00000

   Energies (kJ/mol)
           Bond       G96Angle  Restr. Angles    Proper Dih.  Improper Dih.
    8.04687e+01    2.32499e+02    1.09001e+02    3.64313e+01    1.41091e+00
        LJ (SR)   Coulomb (SR) Position Rest.      Potential Pressure (bar)
   -1.85710e+05   -4.16421e+02    3.16475e+01   -1.85634e+05   -2.36566e+03
   Constr. rmsd
    8.56927e-06

           Step           Time
            210      210.00000

   Energies (kJ/mol)
           Bond       G96Angle  Restr. Angles    Proper Dih.  Improper Dih.
    8.05274e+01    2.36836e+02    1.09792e+02    4.29215e+01    1.40854e+00
        LJ (SR)   Coulomb (SR) Position Rest.      Potential Pressure (bar)
   -1.85728e+05   -4.16421e+02    3.16788e+01   -1.85641e+05   -2.36495e+03
   Constr. rmsd
    1.70723e-05

           Step           Time
            211      211.00000

   Energies (kJ/mol)
           Bond       G96Angle  Restr. Angles    Proper Dih.  Improper Dih.
    8.06271e+01    2.34418e+02    1.08876e+02    3.86613e+01    1.40788e+00
        LJ (SR)   Coulomb (SR) Position Rest.      Potential Pressure (bar)
   -1.85740e+05   -4.16412e+02    3.17024e+01   -1.85661e+05   -2.36438e+03
   Constr. rmsd
    2.28741e-05

           Step           Time
            212      212.00000

           Step           Time
            213      213.00000

   Energies (kJ/mol)
           Bond       G96Angle  Restr. Angles    Proper Dih.  Improper Dih.
    7.98833e+01    2.30330e+02    1.09397e+02    3.43622e+01    1.40661e+00
        LJ (SR)   Coulomb (SR) Position Rest.      Potential Pressure (bar)
   -1.85755e+05   -4.16413e+02    3.17199e+01   -1.85685e+05   -2.36427e+03
   Constr. rmsd
    6.32410e-06

           Step           Time
            214      214.00000

   Energies (kJ/mol)
           Bond       G96Angle  Restr. Angles    Proper Dih.  Improper Dih.
    8.09514e+01    2.38309e+02    1.08646e+02    4.37762e+01    1.40480e+00
        LJ (SR)   Coulomb (SR) Position Rest.      Potential Pressure (bar)
   -1.85780e+05   -4.16398e+02    3.17772e+01   -1.85691e+05   -2.36258e+03
   Constr. rmsd
    1.16971e-05

           Step           Time
            215      215.00000

   Energies (kJ/mol)
           Bond       G96Angle  Restr. Angles    Proper Dih.  Improper Dih.
    7.98349e+01    2.31554e+02    1.09414e+02    3.60005e+01    1.40340e+00
        LJ (SR)   Coulomb (SR) Position Rest.      Potential Pressure (bar)
   -1.85798e+05   -4.16400e+02    3.17955e+01   -1.85725e+05   -2.36253e+03
   Constr. rmsd
    1.66762e-05

           Step           Time
            216      216.00000

           Step           Time
            217      217.00000

   Energies (kJ/mol)
           Bond       G96Angle  Restr. Angles    Proper Dih.  Improper Dih.
    7.99492e+01    2.31075e+02    1.08868e+02    3.47328e+01    1.40283e+00
        LJ (SR)   Coulomb (SR) Position Rest.      Potential Pressure (bar)
   -1.85811e+05   -4.16392e+02    3.18208e+01   -1.85740e+05   -2.36187e+03
   Constr. rmsd
    4.12391e-06

           Step           Time
            218      218.00000

   Energies (kJ/mol)
           Bond       G96Angle  Restr. Angles    Proper Dih.  Improper Dih.
    7.98895e+01    2.33389e+02    1.09459e+02    3.83740e+01    1.40130e+00
        LJ (SR)   Coulomb (SR) Position Rest.      Potential Pressure (bar)
   -1.85829e+05   -4.16389e+02    3.18520e+01   -1.85751e+05   -2.36117e+03
   Constr. rmsd
    7.02477e-06

           Step           Time
            219      219.00000

   Energies (kJ/mol)
           Bond       G96Angle  Restr. Angles    Proper Dih.  Improper Dih.
    8.00474e+01    2.32427e+02    1.08748e+02    3.63088e+01    1.40103e+00
        LJ (SR)   Coulomb (SR) Position Rest.      Potential Pressure (bar)
   -1.85841e+05   -4.16380e+02    3.18766e+01   -1.85767e+05   -2.36050e+03
   Constr. rmsd
    1.01706e-05

           Step           Time
            220      220.00000

   Energies (kJ/mol)
           Bond       G96Angle  Restr. Angles    Proper Dih.  Improper Dih.
    8.02543e+01    2.38389e+02    1.09590e+02    4.49241e+01    1.39947e+00
        LJ (SR)   Coulomb (SR) Position Rest.      Potential Pressure (bar)
   -1.85859e+05   -4.16377e+02    3.19100e+01   -1.85769e+05   -2.35958e+03
   Constr. rmsd
    2.08819e-05

           Step           Time
            221      221.00000

   Energies (kJ/mol)
           Bond       G96Angle  Restr. Angles    Proper Dih.  Improper Dih.
    8.02192e+01    2.34384e+02    1.08631e+02    3.85362e+01    1.39957e+00
        LJ (SR)   Coulomb (SR) Position Rest.      Potential Pressure (bar)
   -1.85871e+05   -4.16367e+02    3.19325e+01   -1.85792e+05   -2.35902e+03
   Constr. rmsd
    2.73445e-05

           Step           Time
            222      222.00000

           Step           Time
            223      223.00000

   Energies (kJ/mol)
           Bond       G96Angle  Restr. Angles    Proper Dih.  Improper Dih.
    7.94876e+01    2.30644e+02    1.09182e+02    3.47673e+01    1.39864e+00
        LJ (SR)   Coulomb (SR) Position Rest.      Potential Pressure (bar)
   -1.85886e+05   -4.16366e+02    3.19517e+01   -1.85815e+05   -2.35885e+03
   Constr. rmsd
    7.73259e-06

           Step           Time
            224      224.00000

   Energies (kJ/mol)
           Bond       G96Angle  Restr. Angles    Proper Dih.  Improper Dih.
    8.06413e+01    2.38856e+02    1.08403e+02    4.44133e+01    1.39818e+00
        LJ (SR)   Coulomb (SR) Position Rest.      Potential Pressure (bar)
   -1.85906e+05   -4.16349e+02    3.20040e+01   -1.85816e+05   -2.35718e+03
   Constr. rmsd
    1.44568e-05

           Step           Time
            225      225.00000

   Energies (kJ/mol)
           Bond       G96Angle  Restr. Angles    Proper Dih.  Improper Dih.
    7.95064e+01    2.32373e+02    1.09232e+02    3.70449e+01    1.39711e+00
        LJ (SR)   Coulomb (SR) Position Rest.      Potential Pressure (bar)
   -1.85925e+05   -4.16350e+02    3.20237e+01   -1.85850e+05   -2.35713e+03
   Constr. rmsd
    2.14109e-05

           Step           Time
            226      226.00000

           Step           Time
            227      227.00000

   Energies (kJ/mol)
           Bond       G96Angle  Restr. Angles    Proper Dih.  Improper Dih.
    7.95312e+01    2.30762e+02    1.08659e+02    3.43391e+01    1.39721e+00
        LJ (SR)   Coulomb (SR) Position Rest.      Potential Pressure (bar)
   -1.85936e+05   -4.16341e+02    3.20469e+01   -1.85866e+05   -2.35662e+03
   Constr. rmsd
    4.96467e-06

           Step           Time
            228      228.00000

   Energies (kJ/mol)
           Bond       G96Angle  Restr. Angles    Proper Dih.  Improper Dih.
    7.95959e+01    2.34485e+02    1.09278e+02    3.97081e+01    1.39623e+00
        LJ (SR)   Coulomb (SR) Position Rest.      Potential Pressure (bar)
   -1.85955e+05   -4.16336e+02    3.20826e+01   -1.85875e+05   -2.35574e+03
   Constr. rmsd
    8.30435e-06

           Step           Time
            229      229.00000

   Energies (kJ/mol)
           Bond       G96Angle  Restr. Angles    Proper Dih.  Improper Dih.
    7.96368e+01    2.32163e+02    1.08541e+02    3.59205e+01    1.39648e+00
        LJ (SR)   Coulomb (SR) Position Rest.      Potential Pressure (bar)
   -1.85966e+05   -4.16326e+02    3.21060e+01   -1.85893e+05   -2.35512e+03
   Constr. rmsd
    1.19940e-05

           Step           Time
            230      230.00000

           Step           Time
            231      231.00000

   Energies (kJ/mol)
           Bond       G96Angle  Restr. Angles    Proper Dih.  Improper Dih.
    7.91443e+01    2.29945e+02    1.08953e+02    3.36751e+01    1.39595e+00
        LJ (SR)   Coulomb (SR) Position Rest.      Potential Pressure (bar)
   -1.85980e+05   -4.16324e+02    3.21245e+01   -1.85911e+05   -2.35484e+03
   Constr. rmsd
    3.28182e-06

           Step           Time
            232      232.00000

   Energies (kJ/mol)
           Bond       G96Angle  Restr. Angles    Proper Dih.  Improper Dih.
    7.98363e+01    2.34666e+02    1.08352e+02    3.90788e+01    1.39597e+00
        LJ (SR)   Coulomb (SR) Position Rest.      Potential Pressure (bar)
   -1.86004e+05   -4.16307e+02    3.21802e+01   -1.85924e+05   -2.35325e+03
   Constr. rmsd
    5.93211e-06

           Step           Time
            233      233.00000

   Energies (kJ/mol)
           Bond       G96Angle  Restr. Angles    Proper Dih.  Improper Dih.
    7.91023e+01    2.31058e+02    1.08982e+02    3.51661e+01    1.39538e+00
        LJ (SR)   Coulomb (SR) Position Rest.      Potential Pressure (bar)
   -1.86019e+05   -4.16306e+02    3.22000e+01   -1.85948e+05   -2.35300e+03
   Constr. rmsd
    9.53994e-06

           Step           Time
            234      234.00000

           Step           Time
            235      235.00000

   Energies (kJ/mol)
           Bond       G96Angle  Restr. Angles    Proper Dih.  Improper Dih.
    7.91282e+01    2.29942e+02    1.08555e+02    3.32768e+01    1.39566e+00
        LJ (SR)   Coulomb (SR) Position Rest.      Potential Pressure (bar)
   -1.86030e+05   -4.16298e+02    3.22225e+01   -1.85962e+05   -2.35239e+03
   Constr. rmsd
    2.17890e-06

           Step           Time
            236      236.00000

   Energies (kJ/mol)
           Bond       G96Angle  Restr. Angles    Proper Dih.  Improper Dih.
    7.91047e+01    2.32250e+02    1.08997e+02    3.66481e+01    1.39537e+00
        LJ (SR)   Coulomb (SR) Position Rest.      Potential Pressure (bar)
   -1.86050e+05   -4.16291e+02    3.22594e+01   -1.85976e+05   -2.35147e+03
   Constr. rmsd
    3.43216e-06

           Step           Time
            237      237.00000

   Energies (kJ/mol)
           Bond       G96Angle  Restr. Angles    Proper Dih.  Improper Dih.
    7.91703e+01    2.30791e+02    1.08439e+02    3.42328e+01    1.39592e+00
        LJ (SR)   Coulomb (SR) Position Rest.      Potential Pressure (bar)
   -1.86061e+05   -4.16281e+02    3.22831e+01   -1.85991e+05   -2.35087e+03
   Constr. rmsd
    5.16334e-06

           Step           Time
            238      238.00000

   Energies (kJ/mol)
           Bond       G96Angle  Restr. Angles    Proper Dih.  Improper Dih.
    7.92990e+01    2.35457e+02    1.09084e+02    4.08286e+01    1.39566e+00
        LJ (SR)   Coulomb (SR) Position Rest.      Potential Pressure (bar)
   -1.86081e+05   -4.16275e+02    3.23203e+01   -1.85998e+05   -2.34985e+03
   Constr. rmsd
    1.02952e-05

           Step           Time
            239      239.00000

   Energies (kJ/mol)
           Bond       G96Angle  Restr. Angles    Proper Dih.  Improper Dih.
    7.92859e+01    2.32213e+02    1.08319e+02    3.58682e+01    1.39646e+00
        LJ (SR)   Coulomb (SR) Position Rest.      Potential Pressure (bar)
   -1.86091e+05   -4.16263e+02    3.23431e+01   -1.86018e+05   -2.34923e+03
   Constr. rmsd
    1.43372e-05

           Step           Time
            240      240.00000

           Step           Time
            241      241.00000

   Energies (kJ/mol)
           Bond       G96Angle  Restr. Angles    Proper Dih.  Improper Dih.
    7.87844e+01    2.30143e+02    1.08754e+02    3.38370e+01    1.39634e+00
        LJ (SR)   Coulomb (SR) Position Rest.      Potential Pressure (bar)
   -1.86105e+05   -4.16260e+02    3.23628e+01   -1.86036e+05   -2.34889e+03
   Constr. rmsd
    3.83327e-06

           Step           Time
            242      242.00000

   Energies (kJ/mol)
           Bond       G96Angle  Restr. Angles    Proper Dih.  Improper Dih.
    7.95220e+01    2.34874e+02    1.08136e+02    3.92278e+01    1.39759e+00
        LJ (SR)   Coulomb (SR) Position Rest.      Potential Pressure (bar)
   -1.86125e+05   -4.16241e+02    3.24136e+01   -1.86046e+05   -2.34734e+03
   Constr. rmsd
    7.24113e-06

           Step           Time
            243      243.00000

   Energies (kJ/mol)
           Bond       G96Angle  Restr. Angles    Proper Dih.  Improper Dih.
    7.88074e+01    2.31764e+02    1.08817e+02    3.59859e+01    1.39739e+00
        LJ (SR)   Coulomb (SR) Position Rest.      Potential Pressure (bar)
   -1.86141e+05   -4.16239e+02    3.24346e+01   -1.86068e+05   -2.34708e+03
   Constr. rmsd
    1.20277e-05

           Step           Time
            244      244.00000

           Step           Time
            245      245.00000

   Energies (kJ/mol)
           Bond       G96Angle  Restr. Angles    Proper Dih.  Improper Dih.
    7.87580e+01    2.29754e+02    1.08368e+02    3.29468e+01    1.39809e+00
        LJ (SR)   Coulomb (SR) Position Rest.      Potential Pressure (bar)
   -1.86151e+05   -4.16231e+02    3.24548e+01   -1.86083e+05   -2.34657e+03
   Constr. rmsd
    2.51259e-06

           Step           Time
            246      246.00000

   Energies (kJ/mol)
           Bond       G96Angle  Restr. Angles    Proper Dih.  Improper Dih.
    7.88295e+01    2.33115e+02    1.08827e+02    3.76022e+01    1.39869e+00
        LJ (SR)   Coulomb (SR) Position Rest.      Potential Pressure (bar)
   -1.86173e+05   -4.16221e+02    3.24987e+01   -1.86097e+05   -2.34545e+03
   Constr. rmsd
    3.94748e-06

           Step           Time
            247      247.00000

   Energies (kJ/mol)
           Bond       G96Angle  Restr. Angles    Proper Dih.  Improper Dih.
    7.88024e+01    2.30611e+02    1.08248e+02    3.38728e+01    1.39963e+00
        LJ (SR)   Coulomb (SR) Position Rest.      Potential Pressure (bar)
   -1.86183e+05   -4.16211e+02    3.25208e+01   -1.86114e+05   -2.34486e+03
   Constr. rmsd
    6.13998e-06

           Step           Time
            248      248.00000

   Energies (kJ/mol)
           Bond       G96Angle  Restr. Angles    Proper Dih.  Improper Dih.
    7.90999e+01    2.37080e+02    1.08926e+02    4.27362e+01    1.40025e+00
        LJ (SR)   Coulomb (SR) Position Rest.      Potential Pressure (bar)
   -1.86203e+05   -4.16202e+02    3.25627e+01   -1.86118e+05   -2.34365e+03
   Constr. rmsd
    1.24285e-05

           Step           Time
            249      249.00000

   Energies (kJ/mol)
           Bond       G96Angle  Restr. Angles    Proper Dih.  Improper Dih.
    7.89177e+01    2.32017e+02    1.08130e+02    3.54540e+01    1.40143e+00
        LJ (SR)   Coulomb (SR) Position Rest.      Potential Pressure (bar)
   -1.86214e+05   -4.16190e+02    3.25844e+01   -1.86142e+05   -2.34313e+03
   Constr. rmsd
    1.69156e-05

           Step           Time
            250      250.00000

           Step           Time
            251      251.00000

   Energies (kJ/mol)
           Bond       G96Angle  Restr. Angles    Proper Dih.  Improper Dih.
    7.84708e+01    2.30643e+02    1.08585e+02    3.43154e+01    1.40173e+00
        LJ (SR)   Coulomb (SR) Position Rest.      Potential Pressure (bar)
   -1.86228e+05   -4.16186e+02    3.26063e+01   -1.86158e+05   -2.34271e+03
   Constr. rmsd
    4.72582e-06

           Step           Time
            252      252.00000

   Energies (kJ/mol)
           Bond       G96Angle  Restr. Angles    Proper Dih.  Improper Dih.
    7.91611e+01    2.34598e+02    1.07956e+02    3.87156e+01    1.40360e+00
        LJ (SR)   Coulomb (SR) Position Rest.      Potential Pressure (bar)
   -1.86244e+05   -4.16168e+02    3.26491e+01   -1.86165e+05   -2.34137e+03
   Constr. rmsd
    8.07724e-06

           Step           Time
            253      253.00000

   Energies (kJ/mol)
           Bond       G96Angle  Restr. Angles    Proper Dih.  Improper Dih.
    7.85900e+01    2.33168e+02    1.08688e+02    3.76193e+01    1.40383e+00
        LJ (SR)   Coulomb (SR) Position Rest.      Potential Pressure (bar)
   -1.86260e+05   -4.16165e+02    3.26729e+01   -1.86184e+05   -2.34094e+03
   Constr. rmsd
    1.52089e-05

           Step           Time
            254      254.00000

   Energies (kJ/mol)
           Bond       G96Angle  Restr. Angles    Proper Dih.  Improper Dih.
    7.95168e+01    2.38059e+02    1.07815e+02    4.28475e+01    1.40585e+00
        LJ (SR)   Coulomb (SR) Position Rest.      Potential Pressure (bar)
   -1.86270e+05   -4.16148e+02    3.27077e+01   -1.86184e+05   -2.33968e+03
   Constr. rmsd
    2.27399e-05

           Step           Time
            255      255.00000

   Energies (kJ/mol)
           Bond       G96Angle  Restr. Angles    Proper Dih.  Improper Dih.
    7.90648e+01    2.39084e+02    1.08876e+02    4.53943e+01    1.40609e+00
        LJ (SR)   Coulomb (SR) Position Rest.      Potential Pressure (bar)
   -1.86287e+05   -4.16146e+02    3.27342e+01   -1.86197e+05   -2.33913e+03
   Constr. rmsd
    4.31519e-05

           Step           Time
            256      256.00000

           Step           Time
            257      257.00000

   Energies (kJ/mol)
           Bond       G96Angle  Restr. Angles    Proper Dih.  Improper Dih.
    7.82893e+01    2.29408e+02    1.08216e+02    3.24411e+01    1.40715e+00
        LJ (SR)   Coulomb (SR) Position Rest.      Potential Pressure (bar)
   -1.86299e+05   -4.16138e+02    3.27493e+01   -1.86232e+05   -2.33902e+03
   Constr. rmsd
    7.81083e-06

           Step           Time
            258      258.00000

   Energies (kJ/mol)
           Bond       G96Angle  Restr. Angles    Proper Dih.  Improper Dih.
    7.88244e+01    2.37984e+02    1.08627e+02    4.25370e+01    1.41170e+00
        LJ (SR)   Coulomb (SR) Position Rest.      Potential Pressure (bar)
   -1.86346e+05   -4.16106e+02    3.28586e+01   -1.86260e+05   -2.33600e+03
   Constr. rmsd
    8.36204e-06

           Step           Time
            259      259.00000

   Energies (kJ/mol)
           Bond       G96Angle  Restr. Angles    Proper Dih.  Improper Dih.
    7.83581e+01    2.30791e+02    1.07996e+02    3.36698e+01    1.41311e+00
        LJ (SR)   Coulomb (SR) Position Rest.      Potential Pressure (bar)
   -1.86358e+05   -4.16096e+02    3.28776e+01   -1.86289e+05   -2.33557e+03
   Constr. rmsd
    1.50816e-05

           Step           Time
            260      260.00000

           Step           Time
            261      261.00000

   Energies (kJ/mol)
           Bond       G96Angle  Restr. Angles    Proper Dih.  Improper Dih.
    7.82141e+01    2.32755e+02    1.08450e+02    3.65332e+01    1.41432e+00
        LJ (SR)   Coulomb (SR) Position Rest.      Potential Pressure (bar)
   -1.86374e+05   -4.16089e+02    3.29083e+01   -1.86300e+05   -2.33476e+03
   Constr. rmsd
    5.96516e-06

           Step           Time
            262      262.00000

   Energies (kJ/mol)
           Bond       G96Angle  Restr. Angles    Proper Dih.  Improper Dih.
    7.84684e+01    2.32118e+02    1.07851e+02    3.53821e+01    1.41626e+00
        LJ (SR)   Coulomb (SR) Position Rest.      Potential Pressure (bar)
   -1.86385e+05   -4.16077e+02    3.29349e+01   -1.86313e+05   -2.33395e+03
   Constr. rmsd
    8.38188e-06

           Step           Time
            263      263.00000

   Energies (kJ/mol)
           Bond       G96Angle  Restr. Angles    Proper Dih.  Improper Dih.
    7.85870e+01    2.37482e+02    1.08611e+02    4.27668e+01    1.41765e+00
        LJ (SR)   Coulomb (SR) Position Rest.      Potential Pressure (bar)
   -1.86402e+05   -4.16071e+02    3.29691e+01   -1.86316e+05   -2.33293e+03
   Constr. rmsd
    1.80603e-05

           Step           Time
            264      264.00000

   Energies (kJ/mol)
           Bond       G96Angle  Restr. Angles    Proper Dih.  Improper Dih.
    7.86565e+01    2.34090e+02    1.07744e+02    3.75952e+01    1.41957e+00
        LJ (SR)   Coulomb (SR) Position Rest.      Potential Pressure (bar)
   -1.86412e+05   -4.16059e+02    3.29932e+01   -1.86335e+05   -2.33223e+03
   Constr. rmsd
    2.38629e-05

           Step           Time
            265      265.00000

           Step           Time
            266      266.00000

   Energies (kJ/mol)
           Bond       G96Angle  Restr. Angles    Proper Dih.  Improper Dih.
    7.79331e+01    2.30542e+02    1.08258e+02    3.37511e+01    1.42033e+00
        LJ (SR)   Coulomb (SR) Position Rest.      Potential Pressure (bar)
   -1.86426e+05   -4.16057e+02    3.30126e+01   -1.86357e+05   -2.33198e+03
   Constr. rmsd
    6.75010e-06

           Step           Time
            267      267.00000

   Energies (kJ/mol)
           Bond       G96Angle  Restr. Angles    Proper Dih.  Improper Dih.
    7.90812e+01    2.38299e+02    1.07542e+02    4.30663e+01    1.42424e+00
        LJ (SR)   Coulomb (SR) Position Rest.      Potential Pressure (bar)
   -1.86444e+05   -4.16035e+02    3.30687e+01   -1.86357e+05   -2.32999e+03
   Constr. rmsd
    1.25526e-05

           Step           Time
            268      268.00000

   Energies (kJ/mol)
           Bond       G96Angle  Restr. Angles    Proper Dih.  Improper Dih.
    7.79826e+01    2.32275e+02    1.08326e+02    3.59801e+01    1.42487e+00
        LJ (SR)   Coulomb (SR) Position Rest.      Potential Pressure (bar)
   -1.86461e+05   -4.16035e+02    3.30891e+01   -1.86388e+05   -2.32983e+03
   Constr. rmsd
    1.93532e-05

           Step           Time
            269      269.00000

           Step           Time
            270      270.00000

   Energies (kJ/mol)
           Bond       G96Angle  Restr. Angles    Proper Dih.  Improper Dih.
    7.80252e+01    2.30727e+02    1.07799e+02    3.34620e+01    1.42678e+00
        LJ (SR)   Coulomb (SR) Position Rest.      Potential Pressure (bar)
   -1.86471e+05   -4.16025e+02    3.31132e+01   -1.86403e+05   -2.32921e+03
   Constr. rmsd
    4.37369e-06

           Step           Time
            271      271.00000

   Energies (kJ/mol)
           Bond       G96Angle  Restr. Angles    Proper Dih.  Improper Dih.
    7.80940e+01    2.34308e+02    1.08382e+02    3.84761e+01    1.42880e+00
        LJ (SR)   Coulomb (SR) Position Rest.      Potential Pressure (bar)
   -1.86489e+05   -4.16017e+02    3.31509e+01   -1.86411e+05   -2.32812e+03
   Constr. rmsd
    7.32699e-06

           Step           Time
            272      272.00000

   Energies (kJ/mol)
           Bond       G96Angle  Restr. Angles    Proper Dih.  Improper Dih.
    7.81451e+01    2.32036e+02    1.07700e+02    3.49074e+01    1.43089e+00
        LJ (SR)   Coulomb (SR) Position Rest.      Potential Pressure (bar)
   -1.86499e+05   -4.16007e+02    3.31754e+01   -1.86428e+05   -2.32739e+03
   Constr. rmsd
    1.05295e-05

           Step           Time
            273      273.00000

           Step           Time
            274      274.00000

   Energies (kJ/mol)
           Bond       G96Angle  Restr. Angles    Proper Dih.  Improper Dih.
    7.76931e+01    2.30117e+02    1.08089e+02    3.28943e+01    1.43191e+00
        LJ (SR)   Coulomb (SR) Position Rest.      Potential Pressure (bar)
   -1.86511e+05   -4.16004e+02    3.31951e+01   -1.86443e+05   -2.32704e+03
   Constr. rmsd
    2.96015e-06

           Step           Time
            275      275.00000

   Energies (kJ/mol)
           Bond       G96Angle  Restr. Angles    Proper Dih.  Improper Dih.
    7.83473e+01    2.34258e+02    1.07546e+02    3.76428e+01    1.43617e+00
        LJ (SR)   Coulomb (SR) Position Rest.      Potential Pressure (bar)
   -1.86532e+05   -4.15986e+02    3.32525e+01   -1.86456e+05   -2.32520e+03
   Constr. rmsd
    5.26223e-06

           Step           Time
            276      276.00000

   Energies (kJ/mol)
           Bond       G96Angle  Restr. Angles    Proper Dih.  Improper Dih.
    7.76973e+01    2.31397e+02    1.08145e+02    3.45143e+01    1.43723e+00
        LJ (SR)   Coulomb (SR) Position Rest.      Potential Pressure (bar)
   -1.86547e+05   -4.15984e+02    3.32740e+01   -1.86476e+05   -2.32479e+03
   Constr. rmsd
    8.69550e-06

           Step           Time
            277      277.00000

   Energies (kJ/mol)
           Bond       G96Angle  Restr. Angles    Proper Dih.  Improper Dih.
    7.86706e+01    2.37429e+02    1.07410e+02    4.13842e+01    1.44099e+00
        LJ (SR)   Coulomb (SR) Position Rest.      Potential Pressure (bar)
   -1.86560e+05   -4.15969e+02    3.33186e+01   -1.86477e+05   -2.32323e+03
   Constr. rmsd
    1.38966e-05

           Step           Time
            278      278.00000

   Energies (kJ/mol)
           Bond       G96Angle  Restr. Angles    Proper Dih.  Improper Dih.
    7.79111e+01    2.34711e+02    1.08276e+02    3.88763e+01    1.44210e+00
        LJ (SR)   Coulomb (SR) Position Rest.      Potential Pressure (bar)
   -1.86577e+05   -4.15969e+02    3.33425e+01   -1.86498e+05   -2.32287e+03
   Constr. rmsd
    2.50176e-05

           Step           Time
            279      279.00000

           Step           Time
            280      280.00000

   Energies (kJ/mol)
           Bond       G96Angle  Restr. Angles    Proper Dih.  Improper Dih.
    7.76345e+01    2.30044e+02    1.07724e+02    3.23723e+01    1.44378e+00
        LJ (SR)   Coulomb (SR) Position Rest.      Potential Pressure (bar)
   -1.86586e+05   -4.15961e+02    3.33612e+01   -1.86519e+05   -2.32244e+03
   Constr. rmsd
    4.99769e-06

           Step           Time
            281      281.00000

   Energies (kJ/mol)
           Bond       G96Angle  Restr. Angles    Proper Dih.  Improper Dih.
    7.80021e+01    2.36469e+02    1.08269e+02    4.07293e+01    1.44781e+00
        LJ (SR)   Coulomb (SR) Position Rest.      Potential Pressure (bar)
   -1.86611e+05   -4.15950e+02    3.34209e+01   -1.86529e+05   -2.32059e+03
   Constr. rmsd
    7.23968e-06

           Step           Time
            282      282.00000

   Energies (kJ/mol)
           Bond       G96Angle  Restr. Angles    Proper Dih.  Improper Dih.
    7.77315e+01    2.31211e+02    1.07600e+02    3.35362e+01    1.44981e+00
        LJ (SR)   Coulomb (SR) Position Rest.      Potential Pressure (bar)
   -1.86621e+05   -4.15942e+02    3.34417e+01   -1.86552e+05   -2.32005e+03
   Constr. rmsd
    1.13991e-05

           Step           Time
            283      283.00000

           Step           Time
            284      284.00000

   Energies (kJ/mol)
           Bond       G96Angle  Restr. Angles    Proper Dih.  Improper Dih.
    7.74693e+01    2.31227e+02    1.07989e+02    3.39027e+01    1.45153e+00
        LJ (SR)   Coulomb (SR) Position Rest.      Potential Pressure (bar)
   -1.86635e+05   -4.15939e+02    3.34676e+01   -1.86565e+05   -2.31944e+03
   Constr. rmsd
    3.26760e-06

           Step           Time
            285      285.00000

   Energies (kJ/mol)
           Bond       G96Angle  Restr. Angles    Proper Dih.  Improper Dih.
    7.78832e+01    2.32782e+02    1.07464e+02    3.54509e+01    1.45476e+00
        LJ (SR)   Coulomb (SR) Position Rest.      Potential Pressure (bar)
   -1.86648e+05   -4.15928e+02    3.35036e+01   -1.86575e+05   -2.31821e+03
   Constr. rmsd
    5.39885e-06

           Step           Time
            286      286.00000

   Energies (kJ/mol)
           Bond       G96Angle  Restr. Angles    Proper Dih.  Improper Dih.
    7.76360e+01    2.33977e+02    1.08102e+02    3.74422e+01    1.45667e+00
        LJ (SR)   Coulomb (SR) Position Rest.      Potential Pressure (bar)
   -1.86663e+05   -4.15926e+02    3.35320e+01   -1.86586e+05   -2.31748e+03
   Constr. rmsd
    1.09150e-05

           Step           Time
            287      287.00000

   Energies (kJ/mol)
           Bond       G96Angle  Restr. Angles    Proper Dih.  Improper Dih.
    7.80820e+01    2.34749e+02    1.07358e+02    3.77326e+01    1.45965e+00
        LJ (SR)   Coulomb (SR) Position Rest.      Potential Pressure (bar)
   -1.86672e+05   -4.15916e+02    3.35619e+01   -1.86595e+05   -2.31649e+03
   Constr. rmsd
    1.52318e-05

           Step           Time
            288      288.00000

           Step           Time
            289      289.00000

   Energies (kJ/mol)
           Bond       G96Angle  Restr. Angles    Proper Dih.  Improper Dih.
    7.72888e+01    2.29981e+02    1.07793e+02    3.21455e+01    1.46067e+00
        LJ (SR)   Coulomb (SR) Position Rest.      Potential Pressure (bar)
   -1.86685e+05   -4.15915e+02    3.35781e+01   -1.86618e+05   -2.31627e+03
   Constr. rmsd
    4.27635e-06

           Step           Time
            290      290.00000

   Energies (kJ/mol)
           Bond       G96Angle  Restr. Angles    Proper Dih.  Improper Dih.
    7.81872e+01    2.36860e+02    1.07184e+02    4.02804e+01    1.46997e+00
        LJ (SR)   Coulomb (SR) Position Rest.      Potential Pressure (bar)
   -1.86723e+05   -4.15891e+02    3.36820e+01   -1.86641e+05   -2.31288e+03
   Constr. rmsd
    6.20729e-06

           Step           Time
            291      291.00000

   Energies (kJ/mol)
           Bond       G96Angle  Restr. Angles    Proper Dih.  Improper Dih.
    7.72323e+01    2.30895e+02    1.07817e+02    3.31862e+01    1.47109e+00
        LJ (SR)   Coulomb (SR) Position Rest.      Potential Pressure (bar)
   -1.86738e+05   -4.15892e+02    3.36998e+01   -1.86670e+05   -2.31271e+03
   Constr. rmsd
    9.60970e-06

           Step           Time
            292      292.00000

           Step           Time
            293      293.00000

   Energies (kJ/mol)
           Bond       G96Angle  Restr. Angles    Proper Dih.  Improper Dih.
    7.74388e+01    2.31463e+02    1.07386e+02    3.33224e+01    1.47434e+00
        LJ (SR)   Coulomb (SR) Position Rest.      Potential Pressure (bar)
   -1.86751e+05   -4.15885e+02    3.37316e+01   -1.86682e+05   -2.31169e+03
   Constr. rmsd
    2.59096e-06

           Step           Time
            294      294.00000

   Energies (kJ/mol)
           Bond       G96Angle  Restr. Angles    Proper Dih.  Improper Dih.
    7.72922e+01    2.32425e+02    1.07885e+02    3.51245e+01    1.47673e+00
        LJ (SR)   Coulomb (SR) Position Rest.      Potential Pressure (bar)
   -1.86766e+05   -4.15883e+02    3.37603e+01   -1.86694e+05   -2.31086e+03
   Constr. rmsd
    4.67112e-06

           Step           Time
            295      295.00000

   Energies (kJ/mol)
           Bond       G96Angle  Restr. Angles    Proper Dih.  Improper Dih.
    7.75535e+01    2.32605e+02    1.07303e+02    3.46679e+01    1.47976e+00
        LJ (SR)   Coulomb (SR) Position Rest.      Potential Pressure (bar)
   -1.86776e+05   -4.15876e+02    3.37889e+01   -1.86704e+05   -2.30997e+03
   Constr. rmsd
    6.69555e-06

           Step           Time
            296      296.00000

   Energies (kJ/mol)
           Bond       G96Angle  Restr. Angles    Proper Dih.  Improper Dih.
    7.75534e+01    2.35956e+02    1.08007e+02    3.96590e+01    1.48243e+00
        LJ (SR)   Coulomb (SR) Position Rest.      Potential Pressure (bar)
   -1.86791e+05   -4.15875e+02    3.38207e+01   -1.86711e+05   -2.30900e+03
   Constr. rmsd
    1.34138e-05

           Step           Time
            297      297.00000

   Energies (kJ/mol)
           Bond       G96Angle  Restr. Angles    Proper Dih.  Improper Dih.
    7.77457e+01    2.34395e+02    1.07215e+02    3.67447e+01    1.48537e+00
        LJ (SR)   Coulomb (SR) Position Rest.      Potential Pressure (bar)
   -1.86801e+05   -4.15867e+02    3.38464e+01   -1.86725e+05   -2.30817e+03
   Constr. rmsd
    1.80471e-05

           Step           Time
            298      298.00000

           Step           Time
            299      299.00000

   Energies (kJ/mol)
           Bond       G96Angle  Restr. Angles    Proper Dih.  Improper Dih.
    7.70593e+01    2.30629e+02    1.07679e+02    3.25804e+01    1.48682e+00
        LJ (SR)   Coulomb (SR) Position Rest.      Potential Pressure (bar)
   -1.86813e+05   -4.15867e+02    3.38644e+01   -1.86746e+05   -2.30786e+03
   Constr. rmsd
    4.93243e-06

           Step           Time
            300      300.00000

   Energies (kJ/mol)
           Bond       G96Angle  Restr. Angles    Proper Dih.  Improper Dih.
    7.80843e+01    2.37801e+02    1.07047e+02    4.10596e+01    1.49390e+00
        LJ (SR)   Coulomb (SR) Position Rest.      Potential Pressure (bar)
   -1.86835e+05   -4.15853e+02    3.39306e+01   -1.86752e+05   -2.30547e+03
   Constr. rmsd
    9.01080e-06

           Step           Time
            301      301.00000

   Energies (kJ/mol)
           Bond       G96Angle  Restr. Angles    Proper Dih.  Improper Dih.
    7.70724e+01    2.31790e+02    1.07728e+02    3.40072e+01    1.49530e+00
        LJ (SR)   Coulomb (SR) Position Rest.      Potential Pressure (bar)
   -1.86851e+05   -4.15855e+02    3.39495e+01   -1.86781e+05   -2.30524e+03
   Constr. rmsd
    1.34592e-05

           Step           Time
            302      302.00000

           Step           Time
            303      303.00000

   Energies (kJ/mol)
           Bond       G96Angle  Restr. Angles    Proper Dih.  Improper Dih.
    7.72133e+01    2.31481e+02    1.07267e+02    3.30529e+01    1.49831e+00
        LJ (SR)   Coulomb (SR) Position Rest.      Potential Pressure (bar)
   -1.86862e+05   -4.15848e+02    3.39764e+01   -1.86793e+05   -2.30434e+03
   Constr. rmsd
    3.26555e-06

           Step           Time
            304      304.00000

   Energies (kJ/mol)
           Bond       G96Angle  Restr. Angles    Proper Dih.  Improper Dih.
    7.71641e+01    2.33475e+02    1.07790e+02    3.60688e+01    1.50134e+00
        LJ (SR)   Coulomb (SR) Position Rest.      Potential Pressure (bar)
   -1.86877e+05   -4.15846e+02    3.40084e+01   -1.86803e+05   -2.30334e+03
   Constr. rmsd
    5.50390e-06

           Step           Time
            305      305.00000

   Energies (kJ/mol)
           Bond       G96Angle  Restr. Angles    Proper Dih.  Improper Dih.
    7.73372e+01    2.32665e+02    1.07185e+02    3.44002e+01    1.50437e+00
        LJ (SR)   Coulomb (SR) Position Rest.      Potential Pressure (bar)
   -1.86887e+05   -4.15839e+02    3.40341e+01   -1.86815e+05   -2.30243e+03
   Constr. rmsd
    7.89741e-06

           Step           Time
            306      306.00000

   Energies (kJ/mol)
           Bond       G96Angle  Restr. Angles    Proper Dih.  Improper Dih.
    7.75069e+01    2.37741e+02    1.07926e+02    4.15252e+01    1.50762e+00
        LJ (SR)   Coulomb (SR) Position Rest.      Potential Pressure (bar)
   -1.86902e+05   -4.15838e+02    3.40683e+01   -1.86818e+05   -2.30127e+03
   Constr. rmsd
    1.61571e-05

           Step           Time
            307      307.00000

   Energies (kJ/mol)
           Bond       G96Angle  Restr. Angles    Proper Dih.  Improper Dih.
    7.75369e+01    2.34467e+02    1.07100e+02    3.64585e+01    1.51060e+00
        LJ (SR)   Coulomb (SR) Position Rest.      Potential Pressure (bar)
   -1.86911e+05   -4.15830e+02    3.40915e+01   -1.86836e+05   -2.30051e+03
   Constr. rmsd
    2.15035e-05

           Step           Time
            308      308.00000

           Step           Time
            309      309.00000

   Energies (kJ/mol)
           Bond       G96Angle  Restr. Angles    Proper Dih.  Improper Dih.
    7.68917e+01    2.31240e+02    1.07586e+02    3.29774e+01    1.51240e+00
        LJ (SR)   Coulomb (SR) Position Rest.      Potential Pressure (bar)
   -1.86924e+05   -4.15830e+02    3.41102e+01   -1.86856e+05   -2.30012e+03
   Constr. rmsd
    6.00012e-06

           Step           Time
            310      310.00000

   Energies (kJ/mol)
           Bond       G96Angle  Restr. Angles    Proper Dih.  Improper Dih.
    7.79402e+01    2.38194e+02    1.06934e+02    4.12300e+01    1.51880e+00
        LJ (SR)   Coulomb (SR) Position Rest.      Potential Pressure (bar)
   -1.86941e+05   -4.15817e+02    3.41632e+01   -1.86857e+05   -2.29798e+03
   Constr. rmsd
    1.09656e-05

           Step           Time
            311      311.00000

   Energies (kJ/mol)
           Bond       G96Angle  Restr. Angles    Proper Dih.  Improper Dih.
    7.69814e+01    2.33061e+02    1.07671e+02    3.52672e+01    1.52061e+00
        LJ (SR)   Coulomb (SR) Position Rest.      Potential Pressure (bar)
   -1.86957e+05   -4.15819e+02    3.41831e+01   -1.86884e+05   -2.29769e+03
   Constr. rmsd
    1.76799e-05

           Step           Time
            312      312.00000

           Step           Time
            313      313.00000

   Energies (kJ/mol)
           Bond       G96Angle  Restr. Angles    Proper Dih.  Improper Dih.
    7.69858e+01    2.31253e+02    1.07188e+02    3.24876e+01    1.52332e+00
        LJ (SR)   Coulomb (SR) Position Rest.      Potential Pressure (bar)
   -1.86966e+05   -4.15812e+02    3.42048e+01   -1.86898e+05   -2.29697e+03
   Constr. rmsd
    3.78755e-06

           Step           Time
            314      314.00000

   Energies (kJ/mol)
           Bond       G96Angle  Restr. Angles    Proper Dih.  Improper Dih.
    7.71107e+01    2.34970e+02    1.07726e+02    3.75473e+01    1.52739e+00
        LJ (SR)   Coulomb (SR) Position Rest.      Potential Pressure (bar)
   -1.86983e+05   -4.15808e+02    3.42423e+01   -1.86906e+05   -2.29568e+03
   Constr. rmsd
    6.18021e-06

           Step           Time
            315      315.00000

   Energies (kJ/mol)
           Bond       G96Angle  Restr. Angles    Proper Dih.  Improper Dih.
    7.71141e+01    2.32406e+02    1.07103e+02    3.37622e+01    1.53026e+00
        LJ (SR)   Coulomb (SR) Position Rest.      Potential Pressure (bar)
   -1.86992e+05   -4.15801e+02    3.42643e+01   -1.86922e+05   -2.29499e+03
   Constr. rmsd
    9.27320e-06

           Step           Time
            316      316.00000

           Step           Time
            317      317.00000

   Energies (kJ/mol)
           Bond       G96Angle  Restr. Angles    Proper Dih.  Improper Dih.
    7.67407e+01    2.30994e+02    1.07464e+02    3.22789e+01    1.53227e+00
        LJ (SR)   Coulomb (SR) Position Rest.      Potential Pressure (bar)
   -1.87004e+05   -4.15799e+02    3.42831e+01   -1.86936e+05   -2.29453e+03
   Constr. rmsd
    2.55731e-06

           Step           Time
            318      318.00000

   Energies (kJ/mol)
           Bond       G96Angle  Restr. Angles    Proper Dih.  Improper Dih.
    7.73062e+01    2.34229e+02    1.06983e+02    3.59793e+01    1.53815e+00
        LJ (SR)   Coulomb (SR) Position Rest.      Potential Pressure (bar)
   -1.87022e+05   -4.15787e+02    3.43310e+01   -1.86947e+05   -2.29269e+03
   Constr. rmsd
    4.39283e-06

           Step           Time
            319      319.00000

   Energies (kJ/mol)
           Bond       G96Angle  Restr. Angles    Proper Dih.  Improper Dih.
    7.68003e+01    2.32474e+02    1.07548e+02    3.41418e+01    1.54031e+00
        LJ (SR)   Coulomb (SR) Position Rest.      Potential Pressure (bar)
   -1.87035e+05   -4.15787e+02    3.43517e+01   -1.86964e+05   -2.29209e+03
   Constr. rmsd
    7.98296e-06

           Step           Time
            320      320.00000

   Energies (kJ/mol)
           Bond       G96Angle  Restr. Angles    Proper Dih.  Improper Dih.
    7.75672e+01    2.36626e+02    1.06884e+02    3.88066e+01    1.54495e+00
        LJ (SR)   Coulomb (SR) Position Rest.      Potential Pressure (bar)
   -1.87046e+05   -4.15777e+02    3.43878e+01   -1.86966e+05   -2.29061e+03
   Constr. rmsd
    1.17773e-05

           Step           Time
            321      321.00000

   Energies (kJ/mol)
           Bond       G96Angle  Restr. Angles    Proper Dih.  Improper Dih.
    7.70870e+01    2.36173e+02    1.07701e+02    3.89521e+01    1.54732e+00
        LJ (SR)   Coulomb (SR) Position Rest.      Potential Pressure (bar)
   -1.87061e+05   -4.15777e+02    3.44112e+01   -1.86981e+05   -2.28993e+03
   Constr. rmsd
    2.26652e-05

           Step           Time
            322      322.00000

           Step           Time
            323      323.00000

   Energies (kJ/mol)
           Bond       G96Angle  Restr. Angles    Proper Dih.  Improper Dih.
    7.66921e+01    2.30549e+02    1.07200e+02    3.14019e+01    1.54925e+00
        LJ (SR)   Coulomb (SR) Position Rest.      Potential Pressure (bar)
   -1.87070e+05   -4.15771e+02    3.44262e+01   -1.87004e+05   -2.28959e+03
   Constr. rmsd
    4.22509e-06

           Step           Time
            324      324.00000

   Energies (kJ/mol)
           Bond       G96Angle  Restr. Angles    Proper Dih.  Improper Dih.
    7.71275e+01    2.37096e+02    1.07647e+02    3.94228e+01    1.55825e+00
        LJ (SR)   Coulomb (SR) Position Rest.      Potential Pressure (bar)
   -1.87103e+05   -4.15758e+02    3.45043e+01   -1.87022e+05   -2.28683e+03
   Constr. rmsd
    5.59965e-06

           Step           Time
            325      325.00000

   Energies (kJ/mol)
           Bond       G96Angle  Restr. Angles    Proper Dih.  Improper Dih.
    7.67852e+01    2.31437e+02    1.07081e+02    3.22147e+01    1.56054e+00
        LJ (SR)   Coulomb (SR) Position Rest.      Potential Pressure (bar)
   -1.87113e+05   -4.15752e+02    3.45217e+01   -1.87045e+05   -2.28627e+03
   Constr. rmsd
    9.02415e-06

           Step           Time
            326      326.00000

           Step           Time
            327      327.00000

   Energies (kJ/mol)
           Bond       G96Angle  Restr. Angles    Proper Dih.  Improper Dih.
    7.66527e+01    2.32503e+02    1.07442e+02    3.36939e+01    1.56350e+00
        LJ (SR)   Coulomb (SR) Position Rest.      Potential Pressure (bar)
   -1.87127e+05   -4.15749e+02    3.45485e+01   -1.87056e+05   -2.28540e+03
   Constr. rmsd
    2.90148e-06

           Step           Time
            328      328.00000

   Energies (kJ/mol)
           Bond       G96Angle  Restr. Angles    Proper Dih.  Improper Dih.
    7.69034e+01    2.32479e+02    1.06980e+02    3.35021e+01    1.56674e+00
        LJ (SR)   Coulomb (SR) Position Rest.      Potential Pressure (bar)
   -1.87137e+05   -4.15742e+02    3.45746e+01   -1.87067e+05   -2.28440e+03
   Constr. rmsd
    4.50387e-06

           Step           Time
            329      329.00000

   Energies (kJ/mol)
           Bond       G96Angle  Restr. Angles    Proper Dih.  Improper Dih.
    7.68692e+01    2.35322e+02    1.07566e+02    3.73228e+01    1.56983e+00
        LJ (SR)   Coulomb (SR) Position Rest.      Potential Pressure (bar)
   -1.87152e+05   -4.15739e+02    3.46034e+01   -1.87074e+05   -2.28340e+03
   Constr. rmsd
    9.13691e-06

           Step           Time
            330      330.00000

   Energies (kJ/mol)
           Bond       G96Angle  Restr. Angles    Proper Dih.  Improper Dih.
    7.70850e+01    2.34048e+02    1.06899e+02    3.53286e+01    1.57283e+00
        LJ (SR)   Coulomb (SR) Position Rest.      Potential Pressure (bar)
   -1.87161e+05   -4.15731e+02    3.46267e+01   -1.87087e+05   -2.28249e+03
   Constr. rmsd
    1.28266e-05

           Step           Time
            331      331.00000

           Step           Time
            332      332.00000

   Energies (kJ/mol)
           Bond       G96Angle  Restr. Angles    Proper Dih.  Improper Dih.
    7.65049e+01    2.31071e+02    1.07302e+02    3.18212e+01    1.57447e+00
        LJ (SR)   Coulomb (SR) Position Rest.      Potential Pressure (bar)
   -1.87172e+05   -4.15730e+02    3.46425e+01   -1.87105e+05   -2.28212e+03
   Constr. rmsd
    3.53334e-06

           Step           Time
            333      333.00000

   Energies (kJ/mol)
           Bond       G96Angle  Restr. Angles    Proper Dih.  Improper Dih.
    7.74017e+01    2.37010e+02    1.06759e+02    3.90403e+01    1.58197e+00
        LJ (SR)   Coulomb (SR) Position Rest.      Potential Pressure (bar)
   -1.87195e+05   -4.15713e+02    3.47056e+01   -1.87114e+05   -2.27959e+03
   Constr. rmsd
    6.74807e-06

           Step           Time
            334      334.00000

   Energies (kJ/mol)
           Bond       G96Angle  Restr. Angles    Proper Dih.  Improper Dih.
    7.65289e+01    2.32020e+02    1.07367e+02    3.29978e+01    1.58349e+00
        LJ (SR)   Coulomb (SR) Position Rest.      Potential Pressure (bar)
   -1.87209e+05   -4.15713e+02    3.47224e+01   -1.87140e+05   -2.27930e+03
   Constr. rmsd
    1.00685e-05

           Step           Time
            335      335.00000

           Step           Time
            336      336.00000

   Energies (kJ/mol)
           Bond       G96Angle  Restr. Angles    Proper Dih.  Improper Dih.
    7.66605e+01    2.31711e+02    1.06974e+02    3.22388e+01    1.58631e+00
        LJ (SR)   Coulomb (SR) Position Rest.      Potential Pressure (bar)
   -1.87219e+05   -4.15705e+02    3.47466e+01   -1.87151e+05   -2.27837e+03
   Constr. rmsd
    2.27143e-06

           Step           Time
            337      337.00000

   Energies (kJ/mol)
           Bond       G96Angle  Restr. Angles    Proper Dih.  Improper Dih.
    7.66121e+01    2.33383e+02    1.07435e+02    3.46526e+01    1.58929e+00
        LJ (SR)   Coulomb (SR) Position Rest.      Potential Pressure (bar)
   -1.87234e+05   -4.15701e+02    3.47751e+01   -1.87161e+05   -2.27728e+03
   Constr. rmsd
    3.95338e-06

           Step           Time
            338      338.00000

   Energies (kJ/mol)
           Bond       G96Angle  Restr. Angles    Proper Dih.  Improper Dih.
    7.67765e+01    2.32666e+02    1.06913e+02    3.33510e+01    1.59201e+00
        LJ (SR)   Coulomb (SR) Position Rest.      Potential Pressure (bar)
   -1.87243e+05   -4.15693e+02    3.47984e+01   -1.87173e+05   -2.27640e+03
   Constr. rmsd
    5.70940e-06

           Step           Time
            339      339.00000

   Energies (kJ/mol)
           Bond       G96Angle  Restr. Angles    Proper Dih.  Improper Dih.
    7.68875e+01    2.36744e+02    1.07565e+02    3.89288e+01    1.59505e+00
        LJ (SR)   Coulomb (SR) Position Rest.      Potential Pressure (bar)
   -1.87258e+05   -4.15689e+02    3.48287e+01   -1.87177e+05   -2.27520e+03
   Constr. rmsd
    1.15438e-05

           Step           Time
            340      340.00000

   Energies (kJ/mol)
           Bond       G96Angle  Restr. Angles    Proper Dih.  Improper Dih.
    7.69635e+01    2.34204e+02    1.06847e+02    3.51575e+01    1.59755e+00
        LJ (SR)   Coulomb (SR) Position Rest.      Potential Pressure (bar)
   -1.87266e+05   -4.15680e+02    3.48500e+01   -1.87193e+05   -2.27437e+03
   Constr. rmsd
    1.55473e-05

           Step           Time
            341      341.00000

           Step           Time
            342      342.00000

   Energies (kJ/mol)
           Bond       G96Angle  Restr. Angles    Proper Dih.  Improper Dih.
    7.64114e+01    2.31503e+02    1.07277e+02    3.20997e+01    1.59906e+00
        LJ (SR)   Coulomb (SR) Position Rest.      Potential Pressure (bar)
   -1.87278e+05   -4.15679e+02    3.48668e+01   -1.87210e+05   -2.27397e+03
   Constr. rmsd
    4.24348e-06

           Step           Time
            343      343.00000

   Energies (kJ/mol)
           Bond       G96Angle  Restr. Angles    Proper Dih.  Improper Dih.
    7.73065e+01    2.37170e+02    1.06716e+02    3.89351e+01    1.60455e+00
        LJ (SR)   Coulomb (SR) Position Rest.      Potential Pressure (bar)
   -1.87296e+05   -4.15663e+02    3.49175e+01   -1.87215e+05   -2.27179e+03
   Constr. rmsd
    7.80053e-06

           Step           Time
            344      344.00000

   Energies (kJ/mol)
           Bond       G96Angle  Restr. Angles    Proper Dih.  Improper Dih.
    7.65033e+01    2.33029e+02    1.07372e+02    3.40305e+01    1.60600e+00
        LJ (SR)   Coulomb (SR) Position Rest.      Potential Pressure (bar)
   -1.87311e+05   -4.15662e+02    3.49352e+01   -1.87239e+05   -2.27140e+03
   Constr. rmsd
    1.29055e-05

           Step           Time
            345      345.00000

           Step           Time
            346      346.00000

   Energies (kJ/mol)
           Bond       G96Angle  Restr. Angles    Proper Dih.  Improper Dih.
    7.65188e+01    2.31490e+02    1.06957e+02    3.17477e+01    1.60802e+00
        LJ (SR)   Coulomb (SR) Position Rest.      Potential Pressure (bar)
   -1.87319e+05   -4.15655e+02    3.49545e+01   -1.87251e+05   -2.27059e+03
   Constr. rmsd
    2.76973e-06

           Step           Time
            347      347.00000

   Energies (kJ/mol)
           Bond       G96Angle  Restr. Angles    Proper Dih.  Improper Dih.
    7.66202e+01    2.34593e+02    1.07434e+02    3.58806e+01    1.61122e+00
        LJ (SR)   Coulomb (SR) Position Rest.      Potential Pressure (bar)
   -1.87336e+05   -4.15648e+02    3.49883e+01   -1.87260e+05   -2.26921e+03
   Constr. rmsd
    4.39196e-06

           Step           Time
            348      348.00000

   Energies (kJ/mol)
           Bond       G96Angle  Restr. Angles    Proper Dih.  Improper Dih.
    7.66391e+01    2.32406e+02    1.06894e+02    3.27901e+01    1.61330e+00
        LJ (SR)   Coulomb (SR) Position Rest.      Potential Pressure (bar)
   -1.87344e+05   -4.15640e+02    3.50080e+01   -1.87274e+05   -2.26843e+03
   Constr. rmsd
    6.62227e-06

           Step           Time
            349      349.00000

           Step           Time
            350      350.00000

   Energies (kJ/mol)
           Bond       G96Angle  Restr. Angles    Proper Dih.  Improper Dih.
    7.63342e+01    2.31336e+02    1.07214e+02    3.16085e+01    1.61476e+00
        LJ (SR)   Coulomb (SR) Position Rest.      Potential Pressure (bar)
   -1.87355e+05   -4.15637e+02    3.50248e+01   -1.87288e+05   -2.26787e+03
   Constr. rmsd
    1.90031e-06

           Step           Time
            351      351.00000

   Energies (kJ/mol)
           Bond       G96Angle  Restr. Angles    Proper Dih.  Improper Dih.
    7.68063e+01    2.33792e+02    1.06803e+02    3.44774e+01    1.61893e+00
        LJ (SR)   Coulomb (SR) Position Rest.      Potential Pressure (bar)
   -1.87372e+05   -4.15623e+02    3.50677e+01   -1.87299e+05   -2.26601e+03
   Constr. rmsd
    3.22191e-06

           Step           Time
            352      352.00000

   Energies (kJ/mol)
           Bond       G96Angle  Restr. Angles    Proper Dih.  Improper Dih.
    7.64041e+01    2.32598e+02    1.07305e+02    3.31974e+01    1.62041e+00
        LJ (SR)   Coulomb (SR) Position Rest.      Potential Pressure (bar)
   -1.87384e+05   -4.15620e+02    3.50862e+01   -1.87314e+05   -2.26541e+03
   Constr. rmsd
    5.76727e-06

           Step           Time
            353      353.00000

   Energies (kJ/mol)
           Bond       G96Angle  Restr. Angles    Proper Dih.  Improper Dih.
    7.70143e+01    2.35547e+02    1.06735e+02    3.65655e+01    1.62348e+00
        LJ (SR)   Coulomb (SR) Position Rest.      Potential Pressure (bar)
   -1.87396e+05   -4.15608e+02    3.51171e+01   -1.87319e+05   -2.26396e+03
   Constr. rmsd
    8.40175e-06

           Step           Time
            354      354.00000

   Energies (kJ/mol)
           Bond       G96Angle  Restr. Angles    Proper Dih.  Improper Dih.
    7.66681e+01    2.35803e+02    1.07461e+02    3.73551e+01    1.62505e+00
        LJ (SR)   Coulomb (SR) Position Rest.      Potential Pressure (bar)
   -1.87409e+05   -4.15606e+02    3.51383e+01   -1.87331e+05   -2.26320e+03
   Constr. rmsd
    1.65181e-05

           Step           Time
            355      355.00000

   Energies (kJ/mol)
           Bond       G96Angle  Restr. Angles    Proper Dih.  Improper Dih.
    7.73635e+01    2.38433e+02    1.06659e+02    4.00366e+01    1.62753e+00
        LJ (SR)   Coulomb (SR) Position Rest.      Potential Pressure (bar)
   -1.87417e+05   -4.15594e+02    3.51637e+01   -1.87333e+05   -2.26190e+03
   Constr. rmsd
    2.33788e-05

           Step           Time
            356      356.00000

   Energies (kJ/mol)
           Bond       G96Angle  Restr. Angles    Proper Dih.  Improper Dih.
    7.73799e+01    2.43244e+02    1.07701e+02    4.69672e+01    1.62917e+00
        LJ (SR)   Coulomb (SR) Position Rest.      Potential Pressure (bar)
   -1.87430e+05   -4.15592e+02    3.51874e+01   -1.87334e+05   -2.26088e+03
   Constr. rmsd
    4.79221e-05

           Step           Time
            357      357.00000

   Energies (kJ/mol)
           Bond       G96Angle  Restr. Angles    Proper Dih.  Improper Dih.
    7.78817e+01    2.42776e+02    1.06591e+02    4.49999e+01    1.63128e+00
        LJ (SR)   Coulomb (SR) Position Rest.      Potential Pressure (bar)
   -1.87437e+05   -4.15579e+02    3.52090e+01   -1.87343e+05   -2.25982e+03
   Constr. rmsd
    6.30212e-05

           Step           Time
            358      358.00000

           Step           Time
            359      359.00000

   Energies (kJ/mol)
           Bond       G96Angle  Restr. Angles    Proper Dih.  Improper Dih.
    7.63199e+01    2.31942e+02    1.07244e+02    3.23995e+01    1.63202e+00
        LJ (SR)   Coulomb (SR) Position Rest.      Potential Pressure (bar)
   -1.87454e+05   -4.15579e+02    3.52224e+01   -1.87385e+05   -2.25983e+03
   Constr. rmsd
    1.71510e-05

           Step           Time
            360      360.00000

           Step           Time
            361      361.00000

   Energies (kJ/mol)
           Bond       G96Angle  Restr. Angles    Proper Dih.  Improper Dih.
    7.66636e+01    2.33484e+02    1.06804e+02    3.38197e+01    1.63463e+00
        LJ (SR)   Coulomb (SR) Position Rest.      Potential Pressure (bar)
   -1.87467e+05   -4.15567e+02    3.52533e+01   -1.87395e+05   -2.25846e+03
   Constr. rmsd
    3.40703e-06

           Step           Time
            362      362.00000

   Energies (kJ/mol)
           Bond       G96Angle  Restr. Angles    Proper Dih.  Improper Dih.
    7.64687e+01    2.33790e+02    1.07371e+02    3.45682e+01    1.63590e+00
        LJ (SR)   Coulomb (SR) Position Rest.      Potential Pressure (bar)
   -1.87479e+05   -4.15563e+02    3.52738e+01   -1.87406e+05   -2.25764e+03
   Constr. rmsd
    6.82369e-06

           Step           Time
            363      363.00000

   Energies (kJ/mol)
           Bond       G96Angle  Restr. Angles    Proper Dih.  Improper Dih.
    7.69068e+01    2.35271e+02    1.06748e+02    3.59360e+01    1.63791e+00
        LJ (SR)   Coulomb (SR) Position Rest.      Potential Pressure (bar)
   -1.87489e+05   -4.15551e+02    3.52979e+01   -1.87412e+05   -2.25644e+03
   Constr. rmsd
    1.01310e-05

           Step           Time
            364      364.00000

   Energies (kJ/mol)
           Bond       G96Angle  Restr. Angles    Proper Dih.  Improper Dih.
    7.68491e+01    2.38062e+02    1.07539e+02    4.00337e+01    1.63921e+00
        LJ (SR)   Coulomb (SR) Position Rest.      Potential Pressure (bar)
   -1.87502e+05   -4.15548e+02    3.53204e+01   -1.87418e+05   -2.25546e+03
   Constr. rmsd
    2.06501e-05

           Step           Time
            365      365.00000

   Energies (kJ/mol)
           Bond       G96Angle  Restr. Angles    Proper Dih.  Improper Dih.
    7.72223e+01    2.37711e+02    1.06691e+02    3.88625e+01    1.64089e+00
        LJ (SR)   Coulomb (SR) Position Rest.      Potential Pressure (bar)
   -1.87510e+05   -4.15536e+02    3.53412e+01   -1.87428e+05   -2.25442e+03
   Constr. rmsd
    2.74757e-05

           Step           Time
            366      366.00000

           Step           Time
            367      367.00000

   Energies (kJ/mol)
           Bond       G96Angle  Restr. Angles    Proper Dih.  Improper Dih.
    7.62661e+01    2.31570e+02    1.07201e+02    3.16207e+01    1.64149e+00
        LJ (SR)   Coulomb (SR) Position Rest.      Potential Pressure (bar)
   -1.87523e+05   -4.15534e+02    3.53543e+01   -1.87455e+05   -2.25422e+03
   Constr. rmsd
    7.61145e-06

           Step           Time
            368      368.00000

           Step           Time
            369      369.00000

   Energies (kJ/mol)
           Bond       G96Angle  Restr. Angles    Proper Dih.  Improper Dih.
    7.65083e+01    2.32444e+02    1.06868e+02    3.23800e+01    1.64352e+00
        LJ (SR)   Coulomb (SR) Position Rest.      Potential Pressure (bar)
   -1.87536e+05   -4.15522e+02    3.53847e+01   -1.87467e+05   -2.25280e+03
   Constr. rmsd
    1.79678e-06

           Step           Time
            370      370.00000

   Energies (kJ/mol)
           Bond       G96Angle  Restr. Angles    Proper Dih.  Improper Dih.
    7.63377e+01    2.32578e+02    1.07291e+02    3.27810e+01    1.64456e+00
        LJ (SR)   Coulomb (SR) Position Rest.      Potential Pressure (bar)
   -1.87548e+05   -4.15518e+02    3.54040e+01   -1.87478e+05   -2.25203e+03
   Constr. rmsd
    3.05709e-06

           Step           Time
            371      371.00000

   Energies (kJ/mol)
           Bond       G96Angle  Restr. Angles    Proper Dih.  Improper Dih.
    7.66343e+01    2.33313e+02    1.06833e+02    3.33980e+01    1.64610e+00
        LJ (SR)   Coulomb (SR) Position Rest.      Potential Pressure (bar)
   -1.87559e+05   -4.15506e+02    3.54277e+01   -1.87487e+05   -2.25084e+03
   Constr. rmsd
    4.38850e-06

           Step           Time
            372      372.00000

   Energies (kJ/mol)
           Bond       G96Angle  Restr. Angles    Proper Dih.  Improper Dih.
    7.65360e+01    2.34970e+02    1.07417e+02    3.58205e+01    1.64712e+00
        LJ (SR)   Coulomb (SR) Position Rest.      Potential Pressure (bar)
   -1.87572e+05   -4.15501e+02    3.54492e+01   -1.87496e+05   -2.24989e+03
   Constr. rmsd
    8.60968e-06

           Step           Time
            373      373.00000

   Energies (kJ/mol)
           Bond       G96Angle  Restr. Angles    Proper Dih.  Improper Dih.
    7.68384e+01    2.34796e+02    1.06784e+02    3.52139e+01    1.64843e+00
        LJ (SR)   Coulomb (SR) Position Rest.      Potential Pressure (bar)
   -1.87580e+05   -4.15490e+02    3.54696e+01   -1.87505e+05   -2.24891e+03
   Constr. rmsd
    1.18689e-05

           Step           Time
            374      374.00000

           Step           Time
            375      375.00000

   Energies (kJ/mol)
           Bond       G96Angle  Restr. Angles    Proper Dih.  Improper Dih.
    7.62373e+01    2.31286e+02    1.07173e+02    3.10256e+01    1.64891e+00
        LJ (SR)   Coulomb (SR) Position Rest.      Potential Pressure (bar)
   -1.87591e+05   -4.15488e+02    3.54816e+01   -1.87524e+05   -2.24859e+03
   Constr. rmsd
    3.24759e-06

           Step           Time
            376      376.00000

   Energies (kJ/mol)
           Bond       G96Angle  Restr. Angles    Proper Dih.  Improper Dih.
    7.71115e+01    2.37092e+02    1.06705e+02    3.80767e+01    1.65245e+00
        LJ (SR)   Coulomb (SR) Position Rest.      Potential Pressure (bar)
   -1.87619e+05   -4.15463e+02    3.55454e+01   -1.87538e+05   -2.24536e+03
   Constr. rmsd
    5.42896e-06

           Step           Time
            377      377.00000

   Energies (kJ/mol)
           Bond       G96Angle  Restr. Angles    Proper Dih.  Improper Dih.
    7.62945e+01    2.32105e+02    1.07274e+02    3.20246e+01    1.65281e+00
        LJ (SR)   Coulomb (SR) Position Rest.      Potential Pressure (bar)
   -1.87632e+05   -4.15461e+02    3.55585e+01   -1.87563e+05   -2.24503e+03
   Constr. rmsd
    8.66891e-06

           Step           Time
            378      378.00000

           Step           Time
            379      379.00000

   Energies (kJ/mol)
           Bond       G96Angle  Restr. Angles    Proper Dih.  Improper Dih.
    7.64564e+01    2.32129e+02    1.06921e+02    3.17449e+01    1.65380e+00
        LJ (SR)   Coulomb (SR) Position Rest.      Potential Pressure (bar)
   -1.87642e+05   -4.15451e+02    3.55794e+01   -1.87573e+05   -2.24400e+03
   Constr. rmsd
    2.13575e-06

           Step           Time
            380      380.00000

   Energies (kJ/mol)
           Bond       G96Angle  Restr. Angles    Proper Dih.  Improper Dih.
    7.63982e+01    2.33385e+02    1.07363e+02    3.36064e+01    1.65462e+00
        LJ (SR)   Coulomb (SR) Position Rest.      Potential Pressure (bar)
   -1.87655e+05   -4.15444e+02    3.56011e+01   -1.87583e+05   -2.24298e+03
   Constr. rmsd
    3.61322e-06

           Step           Time
            381      381.00000

   Energies (kJ/mol)
           Bond       G96Angle  Restr. Angles    Proper Dih.  Improper Dih.
    7.65935e+01    2.33005e+02    1.06885e+02    3.28269e+01    1.65554e+00
        LJ (SR)   Coulomb (SR) Position Rest.      Potential Pressure (bar)
   -1.87664e+05   -4.15434e+02    3.56203e+01   -1.87593e+05   -2.24199e+03
   Constr. rmsd
    5.09062e-06

           Step           Time
            382      382.00000

   Energies (kJ/mol)
           Bond       G96Angle  Restr. Angles    Proper Dih.  Improper Dih.
    7.66726e+01    2.36409e+02    1.07505e+02    3.74406e+01    1.65623e+00
        LJ (SR)   Coulomb (SR) Position Rest.      Potential Pressure (bar)
   -1.87678e+05   -4.15428e+02    3.56438e+01   -1.87598e+05   -2.24081e+03
   Constr. rmsd
    1.03514e-05

           Step           Time
            383      383.00000

   Energies (kJ/mol)
           Bond       G96Angle  Restr. Angles    Proper Dih.  Improper Dih.
    7.68034e+01    2.34480e+02    1.06843e+02    3.46210e+01    1.65707e+00
        LJ (SR)   Coulomb (SR) Position Rest.      Potential Pressure (bar)
   -1.87686e+05   -4.15418e+02    3.56615e+01   -1.87612e+05   -2.23989e+03
   Constr. rmsd
    1.40216e-05

           Step           Time
            384      384.00000

           Step           Time
            385      385.00000

   Energies (kJ/mol)
           Bond       G96Angle  Restr. Angles    Proper Dih.  Improper Dih.
    7.62672e+01    2.31680e+02    1.07252e+02    3.13274e+01    1.65738e+00
        LJ (SR)   Coulomb (SR) Position Rest.      Potential Pressure (bar)
   -1.87697e+05   -4.15415e+02    3.56744e+01   -1.87629e+05   -2.23947e+03
   Constr. rmsd
    3.91054e-06

           Step           Time
            386      386.00000

   Energies (kJ/mol)
           Bond       G96Angle  Restr. Angles    Proper Dih.  Improper Dih.
    7.71670e+01    2.37350e+02    1.06751e+02    3.82767e+01    1.65918e+00
        LJ (SR)   Coulomb (SR) Position Rest.      Potential Pressure (bar)
   -1.87715e+05   -4.15396e+02    3.57185e+01   -1.87634e+05   -2.23707e+03
   Constr. rmsd
    7.13194e-06

           Step           Time
            387      387.00000

   Energies (kJ/mol)
           Bond       G96Angle  Restr. Angles    Proper Dih.  Improper Dih.
    7.63714e+01    2.32911e+02    1.07367e+02    3.28800e+01    1.65940e+00
        LJ (SR)   Coulomb (SR) Position Rest.      Potential Pressure (bar)
   -1.87729e+05   -4.15394e+02    3.57323e+01   -1.87657e+05   -2.23665e+03
   Constr. rmsd
    1.13478e-05

           Step           Time
            388      388.00000

           Step           Time
            389      389.00000

   Energies (kJ/mol)
           Bond       G96Angle  Restr. Angles    Proper Dih.  Improper Dih.
    7.64402e+01    2.31893e+02    1.06989e+02    3.13483e+01    1.65997e+00
        LJ (SR)   Coulomb (SR) Position Rest.      Potential Pressure (bar)
   -1.87737e+05   -4.15385e+02    3.57491e+01   -1.87669e+05   -2.23584e+03
   Constr. rmsd
    2.39108e-06

           Step           Time
            390      390.00000

   Energies (kJ/mol)
           Bond       G96Angle  Restr. Angles    Proper Dih.  Improper Dih.
    7.65080e+01    2.34375e+02    1.07453e+02    3.46328e+01    1.66063e+00
        LJ (SR)   Coulomb (SR) Position Rest.      Potential Pressure (bar)
   -1.87752e+05   -4.15378e+02    3.57744e+01   -1.87677e+05   -2.23453e+03
   Constr. rmsd
    4.08093e-06

           Step           Time
            391      391.00000

   Energies (kJ/mol)
           Bond       G96Angle  Restr. Angles    Proper Dih.  Improper Dih.
    7.65871e+01    2.32765e+02    1.06954e+02    3.23995e+01    1.66131e+00
        LJ (SR)   Coulomb (SR) Position Rest.      Potential Pressure (bar)
   -1.87760e+05   -4.15368e+02    3.57911e+01   -1.87689e+05   -2.23369e+03
   Constr. rmsd
    5.94122e-06

           Step           Time
            392      392.00000

   Energies (kJ/mol)
           Bond       G96Angle  Restr. Angles    Proper Dih.  Improper Dih.
    7.68653e+01    2.38099e+02    1.07607e+02    3.93404e+01    1.66198e+00
        LJ (SR)   Coulomb (SR) Position Rest.      Potential Pressure (bar)
   -1.87774e+05   -4.15361e+02    3.58171e+01   -1.87690e+05   -2.23229e+03
   Constr. rmsd
    1.23576e-05

           Step           Time
            393      393.00000

   Energies (kJ/mol)
           Bond       G96Angle  Restr. Angles    Proper Dih.  Improper Dih.
    7.68029e+01    2.34209e+02    1.06915e+02    3.41308e+01    1.66270e+00
        LJ (SR)   Coulomb (SR) Position Rest.      Potential Pressure (bar)
   -1.87783e+05   -4.15351e+02    3.58329e+01   -1.87708e+05   -2.23156e+03
   Constr. rmsd
    1.66280e-05

           Step           Time
            394      394.00000

           Step           Time
            395      395.00000

   Energies (kJ/mol)
           Bond       G96Angle  Restr. Angles    Proper Dih.  Improper Dih.
    7.63384e+01    2.32204e+02    1.07345e+02    3.17942e+01    1.66295e+00
        LJ (SR)   Coulomb (SR) Position Rest.      Potential Pressure (bar)
   -1.87794e+05   -4.15349e+02    3.58469e+01   -1.87724e+05   -2.23105e+03
   Constr. rmsd
    4.58018e-06

           Step           Time
            396      396.00000

   Energies (kJ/mol)
           Bond       G96Angle  Restr. Angles    Proper Dih.  Improper Dih.
    7.71550e+01    2.36867e+02    1.06830e+02    3.75605e+01    1.66428e+00
        LJ (SR)   Coulomb (SR) Position Rest.      Potential Pressure (bar)
   -1.87807e+05   -4.15333e+02    3.58803e+01   -1.87726e+05   -2.22914e+03
   Constr. rmsd
    8.05076e-06

           Step           Time
            397      397.00000

   Energies (kJ/mol)
           Bond       G96Angle  Restr. Angles    Proper Dih.  Improper Dih.
    7.65293e+01    2.34304e+02    1.07495e+02    3.44620e+01    1.66447e+00
        LJ (SR)   Coulomb (SR) Position Rest.      Potential Pressure (bar)
   -1.87821e+05   -4.15331e+02    3.58953e+01   -1.87746e+05   -2.22857e+03
   Constr. rmsd
    1.45151e-05

           Step           Time
            398      398.00000

           Step           Time
            399      399.00000

   Energies (kJ/mol)
           Bond       G96Angle  Restr. Angles    Proper Dih.  Improper Dih.
    7.64166e+01    2.31484e+02    1.07098e+02    3.07384e+01    1.66499e+00
        LJ (SR)   Coulomb (SR) Position Rest.      Potential Pressure (bar)
   -1.87828e+05   -4.15324e+02    3.59083e+01   -1.87760e+05   -2.22800e+03
   Constr. rmsd
    2.75866e-06

           Step           Time
            400      400.00000

   Energies (kJ/mol)
           Bond       G96Angle  Restr. Angles    Proper Dih.  Improper Dih.
    7.66915e+01    2.35862e+02    1.07570e+02    3.62209e+01    1.66592e+00
        LJ (SR)   Coulomb (SR) Position Rest.      Potential Pressure (bar)
   -1.87847e+05   -4.15314e+02    3.59430e+01   -1.87768e+05   -2.22614e+03
   Constr. rmsd
    4.60778e-06

           Step           Time
            401      401.00000

   Energies (kJ/mol)
           Bond       G96Angle  Restr. Angles    Proper Dih.  Improper Dih.
    7.65615e+01    2.32246e+02    1.07064e+02    3.16195e+01    1.66650e+00
        LJ (SR)   Coulomb (SR) Position Rest.      Potential Pressure (bar)
   -1.87855e+05   -4.15305e+02    3.59571e+01   -1.87785e+05   -2.22547e+03
   Constr. rmsd
    6.73966e-06

           Step           Time
            402      402.00000

           Step           Time
            403      403.00000

   Energies (kJ/mol)
           Bond       G96Angle  Restr. Angles    Proper Dih.  Improper Dih.
    7.63657e+01    2.32091e+02    1.07385e+02    3.14281e+01    1.66687e+00
        LJ (SR)   Coulomb (SR) Position Rest.      Potential Pressure (bar)
   -1.87866e+05   -4.15301e+02    3.59729e+01   -1.87796e+05   -2.22473e+03
   Constr. rmsd
    2.02251e-06

           Step           Time
            404      404.00000

   Energies (kJ/mol)
           Bond       G96Angle  Restr. Angles    Proper Dih.  Improper Dih.
    7.67295e+01    2.33324e+02    1.07015e+02    3.29706e+01    1.66785e+00
        LJ (SR)   Coulomb (SR) Position Rest.      Potential Pressure (bar)
   -1.87878e+05   -4.15289e+02    3.59982e+01   -1.87806e+05   -2.22335e+03
   Constr. rmsd
    3.17513e-06

           Step           Time
            405      405.00000

   Energies (kJ/mol)
           Bond       G96Angle  Restr. Angles    Proper Dih.  Improper Dih.
    7.65197e+01    2.33818e+02    1.07520e+02    3.36094e+01    1.66825e+00
        LJ (SR)   Coulomb (SR) Position Rest.      Potential Pressure (bar)
   -1.87890e+05   -4.15286e+02    3.60155e+01   -1.87816e+05   -2.22249e+03
   Constr. rmsd
    6.27557e-06

           Step           Time
            406      406.00000

   Energies (kJ/mol)
           Bond       G96Angle  Restr. Angles    Proper Dih.  Improper Dih.
    7.69358e+01    2.34771e+02    1.06980e+02    3.47373e+01    1.66913e+00
        LJ (SR)   Coulomb (SR) Position Rest.      Potential Pressure (bar)
   -1.87898e+05   -4.15276e+02    3.60363e+01   -1.87823e+05   -2.22131e+03
   Constr. rmsd
    8.69124e-06

           Step           Time
            407      407.00000

   Energies (kJ/mol)
           Bond       G96Angle  Restr. Angles    Proper Dih.  Improper Dih.
    7.69331e+01    2.38102e+02    1.07720e+02    3.90999e+01    1.66954e+00
        LJ (SR)   Coulomb (SR) Position Rest.      Potential Pressure (bar)
   -1.87911e+05   -4.15273e+02    3.60566e+01   -1.87827e+05   -2.22027e+03
   Constr. rmsd
    1.85960e-05

           Step           Time
            408      408.00000

   Energies (kJ/mol)
           Bond       G96Angle  Restr. Angles    Proper Dih.  Improper Dih.
    7.72130e+01    2.36804e+02    1.06950e+02    3.71574e+01    1.67040e+00
        LJ (SR)   Coulomb (SR) Position Rest.      Potential Pressure (bar)
   -1.87919e+05   -4.15263e+02    3.60736e+01   -1.87838e+05   -2.21923e+03
   Constr. rmsd
    2.39884e-05

           Step           Time
            409      409.00000

           Step           Time
            410      410.00000

   Energies (kJ/mol)
           Bond       G96Angle  Restr. Angles    Proper Dih.  Improper Dih.
    7.63967e+01    2.31909e+02    1.07436e+02    3.12158e+01    1.67055e+00
        LJ (SR)   Coulomb (SR) Position Rest.      Potential Pressure (bar)
   -1.87931e+05   -4.15262e+02    3.60849e+01   -1.87862e+05   -2.21891e+03
   Constr. rmsd
    6.95101e-06

           Step           Time
            411      411.00000

           Step           Time
            412      412.00000

   Energies (kJ/mol)
           Bond       G96Angle  Restr. Angles    Proper Dih.  Improper Dih.
    7.66114e+01    2.32374e+02    1.07129e+02    3.16264e+01    1.67149e+00
        LJ (SR)   Coulomb (SR) Position Rest.      Potential Pressure (bar)
   -1.87942e+05   -4.15252e+02    3.61075e+01   -1.87872e+05   -2.21768e+03
   Constr. rmsd
    1.82875e-06

           Step           Time
            413      413.00000

   Energies (kJ/mol)
           Bond       G96Angle  Restr. Angles    Proper Dih.  Improper Dih.
    7.64752e+01    2.32735e+02    1.07527e+02    3.21360e+01    1.67192e+00
        LJ (SR)   Coulomb (SR) Position Rest.      Potential Pressure (bar)
   -1.87954e+05   -4.15249e+02    3.61248e+01   -1.87883e+05   -2.21678e+03
   Constr. rmsd
    2.66851e-06

           Step           Time
            414      414.00000

   Energies (kJ/mol)
           Bond       G96Angle  Restr. Angles    Proper Dih.  Improper Dih.
    7.67416e+01    2.33155e+02    1.07115e+02    3.25637e+01    1.67281e+00
        LJ (SR)   Coulomb (SR) Position Rest.      Potential Pressure (bar)
   -1.87964e+05   -4.15240e+02    3.61452e+01   -1.87891e+05   -2.21564e+03
   Constr. rmsd
    3.80043e-06

           Step           Time
            415      415.00000

   Energies (kJ/mol)
           Bond       G96Angle  Restr. Angles    Proper Dih.  Improper Dih.
    7.66794e+01    2.34971e+02    1.07667e+02    3.49499e+01    1.67328e+00
        LJ (SR)   Coulomb (SR) Position Rest.      Potential Pressure (bar)
   -1.87976e+05   -4.15237e+02    3.61648e+01   -1.87899e+05   -2.21466e+03
   Constr. rmsd
    7.53458e-06

           Step           Time
            416      416.00000

   Energies (kJ/mol)
           Bond       G96Angle  Restr. Angles    Proper Dih.  Improper Dih.
    7.69468e+01    2.34517e+02    1.07087e+02    3.42434e+01    1.67415e+00
        LJ (SR)   Coulomb (SR) Position Rest.      Potential Pressure (bar)
   -1.87984e+05   -4.15228e+02    3.61827e+01   -1.87908e+05   -2.21362e+03
   Constr. rmsd
    1.04256e-05

           Step           Time
            417      417.00000

           Step           Time
            418      418.00000

   Energies (kJ/mol)
           Bond       G96Angle  Restr. Angles    Proper Dih.  Improper Dih.
    7.64105e+01    2.31483e+02    1.07455e+02    3.04944e+01    1.67439e+00
        LJ (SR)   Coulomb (SR) Position Rest.      Potential Pressure (bar)
   -1.87994e+05   -4.15227e+02    3.61936e+01   -1.87925e+05   -2.21326e+03
   Constr. rmsd
    2.87945e-06

           Step           Time
            419      419.00000

   Energies (kJ/mol)
           Bond       G96Angle  Restr. Angles    Proper Dih.  Improper Dih.
    7.72504e+01    2.36801e+02    1.07035e+02    3.71325e+01    1.67678e+00
        LJ (SR)   Coulomb (SR) Position Rest.      Potential Pressure (bar)
   -1.88020e+05   -4.15207e+02    3.62486e+01   -1.87939e+05   -2.21004e+03
   Constr. rmsd
    5.13762e-06

           Step           Time
            420      420.00000

   Energies (kJ/mol)
           Bond       G96Angle  Restr. Angles    Proper Dih.  Improper Dih.
    7.64925e+01    2.32276e+02    1.07581e+02    3.14661e+01    1.67699e+00
        LJ (SR)   Coulomb (SR) Position Rest.      Potential Pressure (bar)
   -1.88032e+05   -4.15207e+02    3.62608e+01   -1.87961e+05   -2.20964e+03
   Constr. rmsd
    7.93988e-06

           Step           Time
            421      421.00000

           Step           Time
            422      422.00000

   Energies (kJ/mol)
           Bond       G96Angle  Restr. Angles    Proper Dih.  Improper Dih.
    7.66350e+01    2.32129e+02    1.07259e+02    3.10951e+01    1.67788e+00
        LJ (SR)   Coulomb (SR) Position Rest.      Potential Pressure (bar)
   -1.88041e+05   -4.15200e+02    3.62794e+01   -1.87971e+05   -2.20865e+03
   Constr. rmsd
    1.78102e-06

           Step           Time
            423      423.00000

   Energies (kJ/mol)
           Bond       G96Angle  Restr. Angles    Proper Dih.  Improper Dih.
    7.66024e+01    2.33482e+02    1.07682e+02    3.29237e+01    1.67856e+00
        LJ (SR)   Coulomb (SR) Position Rest.      Potential Pressure (bar)
   -1.88054e+05   -4.15197e+02    3.63000e+01   -1.87981e+05   -2.20759e+03
   Constr. rmsd
    3.14127e-06

           Step           Time
            424      424.00000

   Energies (kJ/mol)
           Bond       G96Angle  Restr. Angles    Proper Dih.  Improper Dih.
    7.67729e+01    2.32915e+02    1.07242e+02    3.20806e+01    1.67957e+00
        LJ (SR)   Coulomb (SR) Position Rest.      Potential Pressure (bar)
   -1.88062e+05   -4.15190e+02    3.63179e+01   -1.87990e+05   -2.20662e+03
   Constr. rmsd
    4.48961e-06

           Step           Time
            425      425.00000

   Energies (kJ/mol)
           Bond       G96Angle  Restr. Angles    Proper Dih.  Improper Dih.
    7.68703e+01    2.36308e+02    1.07829e+02    3.64704e+01    1.68034e+00
        LJ (SR)   Coulomb (SR) Position Rest.      Potential Pressure (bar)
   -1.88075e+05   -4.15188e+02    3.63405e+01   -1.87995e+05   -2.20537e+03
   Constr. rmsd
    9.03725e-06

           Step           Time
            426      426.00000

   Energies (kJ/mol)
           Bond       G96Angle  Restr. Angles    Proper Dih.  Improper Dih.
    7.69802e+01    2.34265e+02    1.07218e+02    3.37400e+01    1.68137e+00
        LJ (SR)   Coulomb (SR) Position Rest.      Potential Pressure (bar)
   -1.88083e+05   -4.15180e+02    3.63570e+01   -1.88008e+05   -2.20448e+03
   Constr. rmsd
    1.24604e-05

           Step           Time
            427      427.00000

           Step           Time
            428      428.00000

   Energies (kJ/mol)
           Bond       G96Angle  Restr. Angles    Proper Dih.  Improper Dih.
    7.65003e+01    2.31854e+02    1.07607e+02    3.07843e+01    1.68173e+00
        LJ (SR)   Coulomb (SR) Position Rest.      Potential Pressure (bar)
   -1.88094e+05   -4.15180e+02    3.63694e+01   -1.88024e+05   -2.20399e+03
   Constr. rmsd
    3.48470e-06

           Step           Time
            429      429.00000

   Energies (kJ/mol)
           Bond       G96Angle  Restr. Angles    Proper Dih.  Improper Dih.
    7.73196e+01    2.36764e+02    1.07158e+02    3.69552e+01    1.68398e+00
        LJ (SR)   Coulomb (SR) Position Rest.      Potential Pressure (bar)
   -1.88110e+05   -4.15166e+02    3.64102e+01   -1.88029e+05   -2.20155e+03
   Constr. rmsd
    6.19776e-06

           Step           Time
            430      430.00000

   Energies (kJ/mol)
           Bond       G96Angle  Restr. Angles    Proper Dih.  Improper Dih.
    7.66238e+01    2.33120e+02    1.07743e+02    3.23642e+01    1.68428e+00
        LJ (SR)   Coulomb (SR) Position Rest.      Potential Pressure (bar)
   -1.88123e+05   -4.15166e+02    3.64237e+01   -1.88050e+05   -2.20104e+03
   Constr. rmsd
    1.01670e-05

           Step           Time
            431      431.00000

           Step           Time
            432      432.00000

   Energies (kJ/mol)
           Bond       G96Angle  Restr. Angles    Proper Dih.  Improper Dih.
    7.66645e+01    2.31870e+02    1.07399e+02    3.06695e+01    1.68519e+00
        LJ (SR)   Coulomb (SR) Position Rest.      Potential Pressure (bar)
   -1.88130e+05   -4.15159e+02    3.64392e+01   -1.88061e+05   -2.20026e+03
   Constr. rmsd
    2.17779e-06

           Step           Time
            433      433.00000

   Energies (kJ/mol)
           Bond       G96Angle  Restr. Angles    Proper Dih.  Improper Dih.
    7.67631e+01    2.34511e+02    1.07842e+02    3.39925e+01    1.68622e+00
        LJ (SR)   Coulomb (SR) Position Rest.      Potential Pressure (bar)
   -1.88145e+05   -4.15155e+02    3.64659e+01   -1.88069e+05   -2.19885e+03
   Constr. rmsd
    3.61085e-06

           Step           Time
            434      434.00000

   Energies (kJ/mol)
           Bond       G96Angle  Restr. Angles    Proper Dih.  Improper Dih.
    7.68073e+01    2.32634e+02    1.07385e+02    3.15957e+01    1.68727e+00
        LJ (SR)   Coulomb (SR) Position Rest.      Potential Pressure (bar)
   -1.88153e+05   -4.15148e+02    3.64823e+01   -1.88082e+05   -2.19803e+03
   Constr. rmsd
    5.33325e-06

           Step           Time
            435      435.00000

   Energies (kJ/mol)
           Bond       G96Angle  Restr. Angles    Proper Dih.  Improper Dih.
    7.71057e+01    2.38026e+02    1.08004e+02    3.83947e+01    1.68833e+00
        LJ (SR)   Coulomb (SR) Position Rest.      Potential Pressure (bar)
   -1.88167e+05   -4.15145e+02    3.65098e+01   -1.88082e+05   -2.19651e+03
   Constr. rmsd
    1.08339e-05

           Step           Time
            436      436.00000

   Energies (kJ/mol)
           Bond       G96Angle  Restr. Angles    Proper Dih.  Improper Dih.
    7.70119e+01    2.33932e+02    1.07364e+02    3.31682e+01    1.68942e+00
        LJ (SR)   Coulomb (SR) Position Rest.      Potential Pressure (bar)
   -1.88174e+05   -4.15138e+02    3.65257e+01   -1.88100e+05   -2.19577e+03
   Constr. rmsd
    1.46969e-05

           Step           Time
            437      437.00000

           Step           Time
            438      438.00000

   Energies (kJ/mol)
           Bond       G96Angle  Restr. Angles    Proper Dih.  Improper Dih.
    7.66110e+01    2.32414e+02    1.07773e+02    3.12878e+01    1.68997e+00
        LJ (SR)   Coulomb (SR) Position Rest.      Potential Pressure (bar)
   -1.88185e+05   -4.15137e+02    3.65404e+01   -1.88114e+05   -2.19518e+03
   Constr. rmsd
    4.14865e-06

           Step           Time
            439      439.00000

   Energies (kJ/mol)
           Bond       G96Angle  Restr. Angles    Proper Dih.  Improper Dih.
    7.73267e+01    2.36216e+02    1.07304e+02    3.61422e+01    1.69202e+00
        LJ (SR)   Coulomb (SR) Position Rest.      Potential Pressure (bar)
   -1.88197e+05   -4.15127e+02    3.65732e+01   -1.88117e+05   -2.19332e+03
   Constr. rmsd
    7.12870e-06

           Step           Time
            440      440.00000

   Energies (kJ/mol)
           Bond       G96Angle  Restr. Angles    Proper Dih.  Improper Dih.
    7.68144e+01    2.34586e+02    1.07938e+02    3.40161e+01    1.69246e+00
        LJ (SR)   Coulomb (SR) Position Rest.      Potential Pressure (bar)
   -1.88209e+05   -4.15128e+02    3.65893e+01   -1.88133e+05   -2.19266e+03
   Constr. rmsd
    1.30841e-05

           Step           Time
            441      441.00000

           Step           Time
            442      442.00000

   Energies (kJ/mol)
           Bond       G96Angle  Restr. Angles    Proper Dih.  Improper Dih.
    7.66701e+01    2.31514e+02    1.07574e+02    3.01000e+01    1.69335e+00
        LJ (SR)   Coulomb (SR) Position Rest.      Potential Pressure (bar)
   -1.88216e+05   -4.15123e+02    3.66020e+01   -1.88147e+05   -2.19206e+03
   Constr. rmsd
    2.48897e-06

           Step           Time
            443      443.00000

   Energies (kJ/mol)
           Bond       G96Angle  Restr. Angles    Proper Dih.  Improper Dih.
    7.69699e+01    2.35973e+02    1.08025e+02    3.55147e+01    1.69541e+00
        LJ (SR)   Coulomb (SR) Position Rest.      Potential Pressure (bar)
   -1.88236e+05   -4.15116e+02    3.66433e+01   -1.88157e+05   -2.18993e+03
   Constr. rmsd
    3.75731e-06

           Step           Time
            444      444.00000

   Energies (kJ/mol)
           Bond       G96Angle  Restr. Angles    Proper Dih.  Improper Dih.
    7.68096e+01    2.32146e+02    1.07563e+02    3.08316e+01    1.69646e+00
        LJ (SR)   Coulomb (SR) Position Rest.      Potential Pressure (bar)
   -1.88244e+05   -4.15111e+02    3.66577e+01   -1.88173e+05   -2.18929e+03
   Constr. rmsd
    6.04936e-06

           Step           Time
            445      445.00000

           Step           Time
            446      446.00000

   Energies (kJ/mol)
           Bond       G96Angle  Restr. Angles    Proper Dih.  Improper Dih.
    7.66660e+01    2.32395e+02    1.07869e+02    3.10373e+01    1.69726e+00
        LJ (SR)   Coulomb (SR) Position Rest.      Potential Pressure (bar)
   -1.88255e+05   -4.15110e+02    3.66758e+01   -1.88184e+05   -2.18844e+03
   Constr. rmsd
    1.70366e-06

           Step           Time
            447      447.00000

   Energies (kJ/mol)
           Bond       G96Angle  Restr. Angles    Proper Dih.  Improper Dih.
    7.69570e+01    2.33007e+02    1.07533e+02    3.19278e+01    1.69890e+00
        LJ (SR)   Coulomb (SR) Position Rest.      Potential Pressure (bar)
   -1.88265e+05   -4.15103e+02    3.67005e+01   -1.88192e+05   -2.18716e+03
   Constr. rmsd
    2.73418e-06

           Step           Time
            448      448.00000

   Energies (kJ/mol)
           Bond       G96Angle  Restr. Angles    Proper Dih.  Improper Dih.
    7.68245e+01    2.34098e+02    1.08009e+02    3.31645e+01    1.69977e+00
        LJ (SR)   Coulomb (SR) Position Rest.      Potential Pressure (bar)
   -1.88277e+05   -4.15102e+02    3.67208e+01   -1.88201e+05   -2.18622e+03
   Constr. rmsd
    5.31855e-06

           Step           Time
            449      449.00000

   Energies (kJ/mol)
           Bond       G96Angle  Restr. Angles    Proper Dih.  Improper Dih.
    7.71499e+01    2.34269e+02    1.07511e+02    3.34825e+01    1.70131e+00
        LJ (SR)   Coulomb (SR) Position Rest.      Potential Pressure (bar)
   -1.88284e+05   -4.15095e+02    3.67421e+01   -1.88209e+05   -2.18508e+03
   Constr. rmsd
    7.52514e-06

           Step           Time
            450      450.00000

   Energies (kJ/mol)
           Bond       G96Angle  Restr. Angles    Proper Dih.  Improper Dih.
    7.72197e+01    2.38136e+02    1.08204e+02    3.82924e+01    1.70229e+00
        LJ (SR)   Coulomb (SR) Position Rest.      Potential Pressure (bar)
   -1.88297e+05   -4.15095e+02    3.67650e+01   -1.88211e+05   -2.18397e+03
   Constr. rmsd
    1.61126e-05

           Step           Time
            451      451.00000

   Energies (kJ/mol)
           Bond       G96Angle  Restr. Angles    Proper Dih.  Improper Dih.
    7.74131e+01    2.36128e+02    1.07491e+02    3.57148e+01    1.70388e+00
        LJ (SR)   Coulomb (SR) Position Rest.      Potential Pressure (bar)
   -1.88303e+05   -4.15087e+02    3.67835e+01   -1.88223e+05   -2.18303e+03
   Constr. rmsd
    2.10583e-05

           Step           Time
            452      452.00000

           Step           Time
            453      453.00000

   Energies (kJ/mol)
           Bond       G96Angle  Restr. Angles    Proper Dih.  Improper Dih.
    7.67102e+01    2.32175e+02    1.07948e+02    3.07798e+01    1.70437e+00
        LJ (SR)   Coulomb (SR) Position Rest.      Potential Pressure (bar)
   -1.88315e+05   -4.15088e+02    3.67967e+01   -1.88244e+05   -2.18265e+03
   Constr. rmsd
    5.93762e-06

           Step           Time
            454      454.00000

           Step           Time
            455      455.00000

   Energies (kJ/mol)
           Bond       G96Angle  Restr. Angles    Proper Dih.  Improper Dih.
    7.69023e+01    2.32396e+02    1.07661e+02    3.09888e+01    1.70607e+00
        LJ (SR)   Coulomb (SR) Position Rest.      Potential Pressure (bar)
   -1.88325e+05   -4.15081e+02    3.68206e+01   -1.88253e+05   -2.18148e+03
   Constr. rmsd
    1.60686e-06

           Step           Time
            456      456.00000

   Energies (kJ/mol)
           Bond       G96Angle  Restr. Angles    Proper Dih.  Improper Dih.
    7.67822e+01    2.32850e+02    1.08033e+02    3.15065e+01    1.70706e+00
        LJ (SR)   Coulomb (SR) Position Rest.      Potential Pressure (bar)
   -1.88336e+05   -4.15079e+02    3.68401e+01   -1.88263e+05   -2.18059e+03
   Constr. rmsd
    2.33860e-06

           Step           Time
            457      457.00000

   Energies (kJ/mol)
           Bond       G96Angle  Restr. Angles    Proper Dih.  Improper Dih.
    7.70357e+01    2.33138e+02    1.07654e+02    3.18878e+01    1.70876e+00
        LJ (SR)   Coulomb (SR) Position Rest.      Potential Pressure (bar)
   -1.88344e+05   -4.15072e+02    3.68627e+01   -1.88271e+05   -2.17939e+03
   Constr. rmsd
    3.35678e-06

           Step           Time
            458      458.00000

   Energies (kJ/mol)
           Bond       G96Angle  Restr. Angles    Proper Dih.  Improper Dih.
    7.69788e+01    2.34926e+02    1.08175e+02    3.40916e+01    1.70989e+00
        LJ (SR)   Coulomb (SR) Position Rest.      Potential Pressure (bar)
   -1.88357e+05   -4.15071e+02    3.68845e+01   -1.88279e+05   -2.17837e+03
   Constr. rmsd
    6.64883e-06

           Step           Time
            459      459.00000

   Energies (kJ/mol)
           Bond       G96Angle  Restr. Angles    Proper Dih.  Improper Dih.
    7.72382e+01    2.34408e+02    1.07636e+02    3.34720e+01    1.71161e+00
        LJ (SR)   Coulomb (SR) Position Rest.      Potential Pressure (bar)
   -1.88364e+05   -4.15064e+02    3.69045e+01   -1.88288e+05   -2.17732e+03
   Constr. rmsd
    9.31108e-06

           Step           Time
            460      460.00000

           Step           Time
            461      461.00000

   Energies (kJ/mol)
           Bond       G96Angle  Restr. Angles    Proper Dih.  Improper Dih.
    7.67426e+01    2.31674e+02    1.07985e+02    2.99921e+01    1.71217e+00
        LJ (SR)   Coulomb (SR) Position Rest.      Potential Pressure (bar)
   -1.88373e+05   -4.15063e+02    3.69166e+01   -1.88303e+05   -2.17689e+03
   Constr. rmsd
    2.60103e-06

           Step           Time
            462      462.00000

   Energies (kJ/mol)
           Bond       G96Angle  Restr. Angles    Proper Dih.  Improper Dih.
    7.75484e+01    2.36622e+02    1.07605e+02    3.62554e+01    1.71671e+00
        LJ (SR)   Coulomb (SR) Position Rest.      Potential Pressure (bar)
   -1.88398e+05   -4.15047e+02    3.69790e+01   -1.88316e+05   -2.17367e+03
   Constr. rmsd
    4.64012e-06

           Step           Time
            463      463.00000

   Energies (kJ/mol)
           Bond       G96Angle  Restr. Angles    Proper Dih.  Improper Dih.
    7.68338e+01    2.32428e+02    1.08125e+02    3.08958e+01    1.71721e+00
        LJ (SR)   Coulomb (SR) Position Rest.      Potential Pressure (bar)
   -1.88409e+05   -4.15048e+02    3.69925e+01   -1.88337e+05   -2.17328e+03
   Constr. rmsd
    7.25891e-06

           Step           Time
            464      464.00000

           Step           Time
            465      465.00000

   Energies (kJ/mol)
           Bond       G96Angle  Restr. Angles    Proper Dih.  Improper Dih.
    7.69703e+01    2.32235e+02    1.07830e+02    3.05428e+01    1.71890e+00
        LJ (SR)   Coulomb (SR) Position Rest.      Potential Pressure (bar)
   -1.88418e+05   -4.15042e+02    3.70131e+01   -1.88347e+05   -2.17226e+03
   Constr. rmsd
    1.60430e-06

           Step           Time
            466      466.00000

   Energies (kJ/mol)
           Bond       G96Angle  Restr. Angles    Proper Dih.  Improper Dih.
    7.69421e+01    2.33545e+02    1.08231e+02    3.22352e+01    1.72030e+00
        LJ (SR)   Coulomb (SR) Position Rest.      Potential Pressure (bar)
   -1.88430e+05   -4.15040e+02    3.70359e+01   -1.88355e+05   -2.17117e+03
   Constr. rmsd
    2.73490e-06

           Step           Time
            467      467.00000

   Energies (kJ/mol)
           Bond       G96Angle  Restr. Angles    Proper Dih.  Improper Dih.
    7.71075e+01    2.32957e+02    1.07825e+02    3.14590e+01    1.72209e+00
        LJ (SR)   Coulomb (SR) Position Rest.      Potential Pressure (bar)
   -1.88438e+05   -4.15033e+02    3.70555e+01   -1.88365e+05   -2.17015e+03
   Constr. rmsd
    4.18980e-06

           Step           Time
            468      468.00000

   Energies (kJ/mol)
           Bond       G96Angle  Restr. Angles    Proper Dih.  Improper Dih.
    7.71953e+01    2.36156e+02    1.08382e+02    3.54840e+01    1.72348e+00
        LJ (SR)   Coulomb (SR) Position Rest.      Potential Pressure (bar)
   -1.88450e+05   -4.15032e+02    3.70802e+01   -1.88369e+05   -2.16890e+03
   Constr. rmsd
    8.05287e-06

           Step           Time
            469      469.00000

   Energies (kJ/mol)
           Bond       G96Angle  Restr. Angles    Proper Dih.  Improper Dih.
    7.73121e+01    2.34222e+02    1.07812e+02    3.30299e+01    1.72529e+00
        LJ (SR)   Coulomb (SR) Position Rest.      Potential Pressure (bar)
   -1.88457e+05   -4.15024e+02    3.70982e+01   -1.88381e+05   -2.16797e+03
   Constr. rmsd
    1.10558e-05

           Step           Time
            470      470.00000

           Step           Time
            471      471.00000

   Energies (kJ/mol)
           Bond       G96Angle  Restr. Angles    Proper Dih.  Improper Dih.
    7.68647e+01    2.32022e+02    1.08180e+02    3.02459e+01    1.72598e+00
        LJ (SR)   Coulomb (SR) Position Rest.      Potential Pressure (bar)
   -1.88467e+05   -4.15024e+02    3.71116e+01   -1.88396e+05   -2.16747e+03
   Constr. rmsd
    3.18975e-06

           Step           Time
            472      472.00000

   Energies (kJ/mol)
           Bond       G96Angle  Restr. Angles    Proper Dih.  Improper Dih.
    7.76312e+01    2.36500e+02    1.07769e+02    3.59386e+01    1.72982e+00
        LJ (SR)   Coulomb (SR) Position Rest.      Potential Pressure (bar)
   -1.88483e+05   -4.15011e+02    3.71566e+01   -1.88401e+05   -2.16505e+03
   Constr. rmsd
    5.65349e-06

           Step           Time
            473      473.00000

   Energies (kJ/mol)
           Bond       G96Angle  Restr. Angles    Proper Dih.  Improper Dih.
    7.69891e+01    2.33220e+02    1.08323e+02    3.17197e+01    1.73044e+00
        LJ (SR)   Coulomb (SR) Position Rest.      Potential Pressure (bar)
   -1.88495e+05   -4.15011e+02    3.71713e+01   -1.88421e+05   -2.16452e+03
   Constr. rmsd
    9.06714e-06

           Step           Time
            474      474.00000

           Step           Time
            475      475.00000

   Energies (kJ/mol)
           Bond       G96Angle  Restr. Angles    Proper Dih.  Improper Dih.
    7.70317e+01    2.32017e+02    1.08004e+02    3.01446e+01    1.73203e+00
        LJ (SR)   Coulomb (SR) Position Rest.      Potential Pressure (bar)
   -1.88502e+05   -4.15005e+02    3.71881e+01   -1.88431e+05   -2.16366e+03
   Constr. rmsd
    2.00488e-06

           Step           Time
            476      476.00000

   Energies (kJ/mol)
           Bond       G96Angle  Restr. Angles    Proper Dih.  Improper Dih.
    7.71247e+01    2.34515e+02    1.08423e+02    3.32262e+01    1.73388e+00
        LJ (SR)   Coulomb (SR) Position Rest.      Potential Pressure (bar)
   -1.88516e+05   -4.15000e+02    3.72164e+01   -1.88438e+05   -2.16232e+03
   Constr. rmsd
    3.27551e-06

           Step           Time
            477      477.00000

   Energies (kJ/mol)
           Bond       G96Angle  Restr. Angles    Proper Dih.  Improper Dih.
    7.71729e+01    2.32717e+02    1.07997e+02    3.10036e+01    1.73559e+00
        LJ (SR)   Coulomb (SR) Position Rest.      Potential Pressure (bar)
   -1.88523e+05   -4.14993e+02    3.72340e+01   -1.88450e+05   -2.16148e+03
   Constr. rmsd
    4.84135e-06

           Step           Time
            478      478.00000

   Energies (kJ/mol)
           Bond       G96Angle  Restr. Angles    Proper Dih.  Improper Dih.
    7.74453e+01    2.37758e+02    1.08584e+02    3.72603e+01    1.73743e+00
        LJ (SR)   Coulomb (SR) Position Rest.      Potential Pressure (bar)
   -1.88536e+05   -4.14988e+02    3.72633e+01   -1.88451e+05   -2.15999e+03
   Constr. rmsd
    9.61040e-06

           Step           Time
            479      479.00000

   Energies (kJ/mol)
           Bond       G96Angle  Restr. Angles    Proper Dih.  Improper Dih.
    7.73754e+01    2.33938e+02    1.07986e+02    3.25017e+01    1.73932e+00
        LJ (SR)   Coulomb (SR) Position Rest.      Potential Pressure (bar)
   -1.88543e+05   -4.14980e+02    3.72802e+01   -1.88468e+05   -2.15924e+03
   Constr. rmsd
    1.30776e-05

           Step           Time
            480      480.00000

           Step           Time
            481      481.00000

   Energies (kJ/mol)
           Bond       G96Angle  Restr. Angles    Proper Dih.  Improper Dih.
    7.70008e+01    2.32554e+02    1.08372e+02    3.07004e+01    1.74025e+00
        LJ (SR)   Coulomb (SR) Position Rest.      Potential Pressure (bar)
   -1.88553e+05   -4.14978e+02    3.72958e+01   -1.88481e+05   -2.15863e+03
   Constr. rmsd
    3.55403e-06

           Step           Time
            482      482.00000

   Energies (kJ/mol)
           Bond       G96Angle  Restr. Angles    Proper Dih.  Improper Dih.
    7.76753e+01    2.36024e+02    1.07941e+02    3.52020e+01    1.74346e+00
        LJ (SR)   Coulomb (SR) Position Rest.      Potential Pressure (bar)
   -1.88565e+05   -4.14965e+02    3.73307e+01   -1.88484e+05   -2.15681e+03
   Constr. rmsd
    6.09834e-06

           Step           Time
            483      483.00000

   Energies (kJ/mol)
           Bond       G96Angle  Restr. Angles    Proper Dih.  Improper Dih.
    7.71979e+01    2.34587e+02    1.08538e+02    3.32244e+01    1.74424e+00
        LJ (SR)   Coulomb (SR) Position Rest.      Potential Pressure (bar)
   -1.88576e+05   -4.14965e+02    3.73481e+01   -1.88499e+05   -2.15616e+03
   Constr. rmsd
    1.14923e-05

           Step           Time
            484      484.00000

           Step           Time
            485      485.00000

   Energies (kJ/mol)
           Bond       G96Angle  Restr. Angles    Proper Dih.  Improper Dih.
    7.70733e+01    2.31716e+02    1.08199e+02    2.96235e+01    1.74570e+00
        LJ (SR)   Coulomb (SR) Position Rest.      Potential Pressure (bar)
   -1.88583e+05   -4.14959e+02    3.73618e+01   -1.88512e+05   -2.15556e+03
   Constr. rmsd
    2.32687e-06

           Step           Time
            486      486.00000

   Energies (kJ/mol)
           Bond       G96Angle  Restr. Angles    Proper Dih.  Improper Dih.
    7.73523e+01    2.35918e+02    1.08628e+02    3.46553e+01    1.74901e+00
        LJ (SR)   Coulomb (SR) Position Rest.      Potential Pressure (bar)
   -1.88602e+05   -4.14948e+02    3.74062e+01   -1.88521e+05   -2.15339e+03
   Constr. rmsd
    3.53534e-06

           Step           Time
            487      487.00000

   Energies (kJ/mol)
           Bond       G96Angle  Restr. Angles    Proper Dih.  Improper Dih.
    7.72126e+01    2.32293e+02    1.08196e+02    3.03004e+01    1.75071e+00
        LJ (SR)   Coulomb (SR) Position Rest.      Potential Pressure (bar)
   -1.88609e+05   -4.14941e+02    3.74216e+01   -1.88537e+05   -2.15274e+03
   Constr. rmsd
    5.23855e-06

           Step           Time
            488      488.00000

           Step           Time
            489      489.00000

   Energies (kJ/mol)
           Bond       G96Angle  Restr. Angles    Proper Dih.  Improper Dih.
    7.70783e+01    2.32566e+02    1.08486e+02    3.04836e+01    1.75209e+00
        LJ (SR)   Coulomb (SR) Position Rest.      Potential Pressure (bar)
   -1.88619e+05   -4.14937e+02    3.74409e+01   -1.88546e+05   -2.15185e+03
   Constr. rmsd
    1.55739e-06

           Step           Time
            490      490.00000

   Energies (kJ/mol)
           Bond       G96Angle  Restr. Angles    Proper Dih.  Improper Dih.
    7.73558e+01    2.33077e+02    1.08175e+02    3.12955e+01    1.75463e+00
        LJ (SR)   Coulomb (SR) Position Rest.      Potential Pressure (bar)
   -1.88629e+05   -4.14928e+02    3.74671e+01   -1.88554e+05   -2.15055e+03
   Constr. rmsd
    2.49311e-06

           Step           Time
            491      491.00000

   Energies (kJ/mol)
           Bond       G96Angle  Restr. Angles    Proper Dih.  Improper Dih.
    7.72298e+01    2.34145e+02    1.08622e+02    3.24308e+01    1.75596e+00
        LJ (SR)   Coulomb (SR) Position Rest.      Potential Pressure (bar)
   -1.88640e+05   -4.14924e+02    3.74883e+01   -1.88563e+05   -2.14956e+03
   Constr. rmsd
    4.89867e-06

           Step           Time
            492      492.00000

   Energies (kJ/mol)
           Bond       G96Angle  Restr. Angles    Proper Dih.  Improper Dih.
    7.75419e+01    2.34247e+02    1.08160e+02    3.27409e+01    1.75847e+00
        LJ (SR)   Coulomb (SR) Position Rest.      Potential Pressure (bar)
   -1.88647e+05   -4.14915e+02    3.75107e+01   -1.88570e+05   -2.14836e+03
   Constr. rmsd
    6.73496e-06

           Step           Time
            493      493.00000

   Energies (kJ/mol)
           Bond       G96Angle  Restr. Angles    Proper Dih.  Improper Dih.
    7.75953e+01    2.37854e+02    1.08811e+02    3.71073e+01    1.75988e+00
        LJ (SR)   Coulomb (SR) Position Rest.      Potential Pressure (bar)
   -1.88659e+05   -4.14912e+02    3.75351e+01   -1.88573e+05   -2.14724e+03
   Constr. rmsd
    1.41215e-05

           Step           Time
            494      494.00000

   Energies (kJ/mol)
           Bond       G96Angle  Restr. Angles    Proper Dih.  Improper Dih.
    7.78008e+01    2.36010e+02    1.08145e+02    3.48804e+01    1.76229e+00
        LJ (SR)   Coulomb (SR) Position Rest.      Potential Pressure (bar)
   -1.88666e+05   -4.14902e+02    3.75550e+01   -1.88584e+05   -2.14625e+03
   Constr. rmsd
    1.87161e-05

           Step           Time
            495      495.00000

           Step           Time
            496      496.00000

   Energies (kJ/mol)
           Bond       G96Angle  Restr. Angles    Proper Dih.  Improper Dih.
    7.71404e+01    2.32344e+02    1.08576e+02    3.02065e+01    1.76297e+00
        LJ (SR)   Coulomb (SR) Position Rest.      Potential Pressure (bar)
   -1.88676e+05   -4.14901e+02    3.75688e+01   -1.88603e+05   -2.14584e+03
   Constr. rmsd
    5.22211e-06

           Step           Time
            497      497.00000

           Step           Time
            498      498.00000

   Energies (kJ/mol)
           Bond       G96Angle  Restr. Angles    Proper Dih.  Improper Dih.
    7.73313e+01    2.32572e+02    1.08311e+02    3.04657e+01    1.76548e+00
        LJ (SR)   Coulomb (SR) Position Rest.      Potential Pressure (bar)
   -1.88686e+05   -4.14891e+02    3.75947e+01   -1.88613e+05   -2.14463e+03
   Constr. rmsd
    1.47666e-06

           Step           Time
            499      499.00000

   Energies (kJ/mol)
           Bond       G96Angle  Restr. Angles    Proper Dih.  Improper Dih.
    7.72122e+01    2.32975e+02    1.08662e+02    3.08736e+01    1.76683e+00
        LJ (SR)   Coulomb (SR) Position Rest.      Potential Pressure (bar)
   -1.88696e+05   -4.14887e+02    3.76150e+01   -1.88622e+05   -2.14374e+03
   Constr. rmsd
    2.08170e-06

           Step           Time
            500      500.00000

   Energies (kJ/mol)
           Bond       G96Angle  Restr. Angles    Proper Dih.  Improper Dih.
    7.74610e+01    2.33254e+02    1.08311e+02    3.13008e+01    1.76932e+00
        LJ (SR)   Coulomb (SR) Position Rest.      Potential Pressure (bar)
   -1.88704e+05   -4.14877e+02    3.76391e+01   -1.88629e+05   -2.14253e+03
   Constr. rmsd
    3.04020e-06

           Step           Time
            501      501.00000

   Energies (kJ/mol)
           Bond       G96Angle  Restr. Angles    Proper Dih.  Improper Dih.
    7.73934e+01    2.34883e+02    1.08800e+02    3.32266e+01    1.77073e+00
        LJ (SR)   Coulomb (SR) Position Rest.      Potential Pressure (bar)
   -1.88715e+05   -4.14873e+02    3.76622e+01   -1.88637e+05   -2.14152e+03
   Constr. rmsd
    5.97122e-06

           Step           Time
            502      502.00000

   Energies (kJ/mol)
           Bond       G96Angle  Restr. Angles    Proper Dih.  Improper Dih.
    7.76538e+01    2.34450e+02    1.08298e+02    3.27939e+01    1.77320e+00
        LJ (SR)   Coulomb (SR) Position Rest.      Potential Pressure (bar)
   -1.88722e+05   -4.14863e+02    3.76837e+01   -1.88644e+05   -2.14048e+03
   Constr. rmsd
    8.13252e-06

           Step           Time
            503      503.00000

           Step           Time
            504      504.00000

   Energies (kJ/mol)
           Bond       G96Angle  Restr. Angles    Proper Dih.  Improper Dih.
    7.71861e+01    2.31900e+02    1.08625e+02    2.94921e+01    1.77389e+00
        LJ (SR)   Coulomb (SR) Position Rest.      Potential Pressure (bar)
   -1.88732e+05   -4.14862e+02    3.76965e+01   -1.88660e+05   -2.14003e+03
   Constr. rmsd
    2.36389e-06

           Step           Time
            505      505.00000

   Energies (kJ/mol)
           Bond       G96Angle  Restr. Angles    Proper Dih.  Improper Dih.
    7.79520e+01    2.36546e+02    1.08276e+02    3.53976e+01    1.78048e+00
        LJ (SR)   Coulomb (SR) Position Rest.      Potential Pressure (bar)
   -1.88756e+05   -4.14837e+02    3.77655e+01   -1.88673e+05   -2.13667e+03
   Constr. rmsd
    4.08616e-06

           Step           Time
            506      506.00000

   Energies (kJ/mol)
           Bond       G96Angle  Restr. Angles    Proper Dih.  Improper Dih.
    7.72744e+01    2.32570e+02    1.08761e+02    3.02758e+01    1.78103e+00
        LJ (SR)   Coulomb (SR) Position Rest.      Potential Pressure (bar)
   -1.88767e+05   -4.14836e+02    3.77796e+01   -1.88693e+05   -2.13622e+03
   Constr. rmsd
    6.40029e-06

           Step           Time
            507      507.00000

           Step           Time
            508      508.00000

   Energies (kJ/mol)
           Bond       G96Angle  Restr. Angles    Proper Dih.  Improper Dih.
    7.74170e+01    2.32461e+02    1.08487e+02    3.00645e+01    1.78337e+00
        LJ (SR)   Coulomb (SR) Position Rest.      Potential Pressure (bar)
   -1.88776e+05   -4.14827e+02    3.78021e+01   -1.88702e+05   -2.13517e+03
   Constr. rmsd
    1.57124e-06

           Step           Time
            509      509.00000

   Energies (kJ/mol)
           Bond       G96Angle  Restr. Angles    Proper Dih.  Improper Dih.
    7.73770e+01    2.33620e+02    1.08863e+02    3.15165e+01    1.78493e+00
        LJ (SR)   Coulomb (SR) Position Rest.      Potential Pressure (bar)
   -1.88787e+05   -4.14821e+02    3.78260e+01   -1.88710e+05   -2.13410e+03
   Constr. rmsd
    2.58185e-06

           Step           Time
            510      510.00000

   Energies (kJ/mol)
           Bond       G96Angle  Restr. Angles    Proper Dih.  Improper Dih.
    7.75495e+01    2.33137e+02    1.08483e+02    3.09285e+01    1.78728e+00
        LJ (SR)   Coulomb (SR) Position Rest.      Potential Pressure (bar)
   -1.88794e+05   -4.14811e+02    3.78472e+01   -1.88719e+05   -2.13309e+03
   Constr. rmsd
    3.56009e-06

           Step           Time
            511      511.00000

   Energies (kJ/mol)
           Bond       G96Angle  Restr. Angles    Proper Dih.  Improper Dih.
    7.76078e+01    2.36012e+02    1.09004e+02    3.44751e+01    1.78889e+00
        LJ (SR)   Coulomb (SR) Position Rest.      Potential Pressure (bar)
   -1.88806e+05   -4.14806e+02    3.78727e+01   -1.88724e+05   -2.13188e+03
   Constr. rmsd
    7.25657e-06

           Step           Time
            512      512.00000

   Energies (kJ/mol)
           Bond       G96Angle  Restr. Angles    Proper Dih.  Improper Dih.
    7.77463e+01    2.34335e+02    1.08469e+02    3.24297e+01    1.79133e+00
        LJ (SR)   Coulomb (SR) Position Rest.      Potential Pressure (bar)
   -1.88812e+05   -4.14795e+02    3.78920e+01   -1.88735e+05   -2.13095e+03
   Constr. rmsd
    9.98166e-06

           Step           Time
            513      513.00000

           Step           Time
            514      514.00000

   Energies (kJ/mol)
           Bond       G96Angle  Restr. Angles    Proper Dih.  Improper Dih.
    7.73158e+01    2.32228e+02    1.08814e+02    2.97067e+01    1.79208e+00
        LJ (SR)   Coulomb (SR) Position Rest.      Potential Pressure (bar)
   -1.88821e+05   -4.14793e+02    3.79061e+01   -1.88748e+05   -2.13046e+03
   Constr. rmsd
    2.72104e-06

           Step           Time
            515      515.00000

   Energies (kJ/mol)
           Bond       G96Angle  Restr. Angles    Proper Dih.  Improper Dih.
    7.80481e+01    2.36457e+02    1.08431e+02    3.51307e+01    1.79722e+00
        LJ (SR)   Coulomb (SR) Position Rest.      Potential Pressure (bar)
   -1.88838e+05   -4.14773e+02    3.79558e+01   -1.88755e+05   -2.12796e+03
   Constr. rmsd
    4.96408e-06

           Step           Time
            516      516.00000

   Energies (kJ/mol)
           Bond       G96Angle  Restr. Angles    Proper Dih.  Improper Dih.
    7.74303e+01    2.33304e+02    1.08948e+02    3.10135e+01    1.79789e+00
        LJ (SR)   Coulomb (SR) Position Rest.      Potential Pressure (bar)
   -1.88849e+05   -4.14771e+02    3.79714e+01   -1.88773e+05   -2.12745e+03
   Constr. rmsd
    8.17602e-06

           Step           Time
            517      517.00000

           Step           Time
            518      518.00000

   Energies (kJ/mol)
           Bond       G96Angle  Restr. Angles    Proper Dih.  Improper Dih.
    7.74888e+01    2.32286e+02    1.08651e+02    2.97087e+01    1.80000e+00
        LJ (SR)   Coulomb (SR) Position Rest.      Potential Pressure (bar)
   -1.88856e+05   -4.14763e+02    3.79898e+01   -1.88783e+05   -2.12663e+03
   Constr. rmsd
    1.89557e-06

           Step           Time
            519      519.00000

   Energies (kJ/mol)
           Bond       G96Angle  Restr. Angles    Proper Dih.  Improper Dih.
    7.75544e+01    2.34533e+02    1.09044e+02    3.24289e+01    1.80212e+00
        LJ (SR)   Coulomb (SR) Position Rest.      Potential Pressure (bar)
   -1.88868e+05   -4.14754e+02    3.80192e+01   -1.88790e+05   -2.12529e+03
   Constr. rmsd
    2.86218e-06

           Step           Time
            520      520.00000

   Energies (kJ/mol)
           Bond       G96Angle  Restr. Angles    Proper Dih.  Improper Dih.
    7.76225e+01    2.32945e+02    1.08644e+02    3.05240e+01    1.80442e+00
        LJ (SR)   Coulomb (SR) Position Rest.      Potential Pressure (bar)
   -1.88876e+05   -4.14746e+02    3.80382e+01   -1.88801e+05   -2.12445e+03
   Constr. rmsd
    4.25135e-06

           Step           Time
            521      521.00000

   Energies (kJ/mol)
           Bond       G96Angle  Restr. Angles    Proper Dih.  Improper Dih.
    7.78454e+01    2.37506e+02    1.09191e+02    3.60975e+01    1.80635e+00
        LJ (SR)   Coulomb (SR) Position Rest.      Potential Pressure (bar)
   -1.88888e+05   -4.14738e+02    3.80689e+01   -1.88802e+05   -2.12301e+03
   Constr. rmsd
    8.58588e-06

           Step           Time
            522      522.00000

   Energies (kJ/mol)
           Bond       G96Angle  Restr. Angles    Proper Dih.  Improper Dih.
    7.78180e+01    2.34108e+02    1.08630e+02    3.19668e+01    1.80884e+00
        LJ (SR)   Coulomb (SR) Position Rest.      Potential Pressure (bar)
   -1.88894e+05   -4.14728e+02    3.80871e+01   -1.88817e+05   -2.12219e+03
   Constr. rmsd
    1.18182e-05

           Step           Time
            523      523.00000

           Step           Time
            524      524.00000

   Energies (kJ/mol)
           Bond       G96Angle  Restr. Angles    Proper Dih.  Improper Dih.
    7.74500e+01    2.32729e+02    1.08992e+02    3.01108e+01    1.80972e+00
        LJ (SR)   Coulomb (SR) Position Rest.      Potential Pressure (bar)
   -1.88904e+05   -4.14725e+02    3.81035e+01   -1.88830e+05   -2.12160e+03
   Constr. rmsd
    3.21783e-06

           Step           Time
            525      525.00000

   Energies (kJ/mol)
           Bond       G96Angle  Restr. Angles    Proper Dih.  Improper Dih.
    7.81012e+01    2.36063e+02    1.08586e+02    3.44880e+01    1.81398e+00
        LJ (SR)   Coulomb (SR) Position Rest.      Potential Pressure (bar)
   -1.88916e+05   -4.14708e+02    3.81424e+01   -1.88833e+05   -2.11968e+03
   Constr. rmsd
    5.46513e-06

           Step           Time
            526      526.00000

   Energies (kJ/mol)
           Bond       G96Angle  Restr. Angles    Proper Dih.  Improper Dih.
    7.76280e+01    2.34551e+02    1.09143e+02    3.23563e+01    1.81467e+00
        LJ (SR)   Coulomb (SR) Position Rest.      Potential Pressure (bar)
   -1.88927e+05   -4.14705e+02    3.81607e+01   -1.88848e+05   -2.11908e+03
   Constr. rmsd
    1.02247e-05

           Step           Time
            527      527.00000

           Step           Time
            528      528.00000

   Energies (kJ/mol)
           Bond       G96Angle  Restr. Angles    Proper Dih.  Improper Dih.
    7.75387e+01    2.32028e+02    1.08825e+02    2.92303e+01    1.81648e+00
        LJ (SR)   Coulomb (SR) Position Rest.      Potential Pressure (bar)
   -1.88933e+05   -4.14698e+02    3.81758e+01   -1.88860e+05   -2.11845e+03
   Constr. rmsd
    2.03060e-06

           Step           Time
            529      529.00000

   Energies (kJ/mol)
           Bond       G96Angle  Restr. Angles    Proper Dih.  Improper Dih.
    7.77769e+01    2.35860e+02    1.09228e+02    3.37804e+01    1.81994e+00
        LJ (SR)   Coulomb (SR) Position Rest.      Potential Pressure (bar)
   -1.88950e+05   -4.14684e+02    3.82208e+01   -1.88868e+05   -2.11645e+03
   Constr. rmsd
    3.22393e-06

           Step           Time
            530      530.00000

   Energies (kJ/mol)
           Bond       G96Angle  Restr. Angles    Proper Dih.  Improper Dih.
    7.76752e+01    2.32573e+02    1.08818e+02    2.98876e+01    1.82206e+00
        LJ (SR)   Coulomb (SR) Position Rest.      Potential Pressure (bar)
   -1.88957e+05   -4.14675e+02    3.82375e+01   -1.88882e+05   -2.11576e+03
   Constr. rmsd
    4.80458e-06

           Step           Time
            531      531.00000

           Step           Time
            532      532.00000

   Energies (kJ/mol)
           Bond       G96Angle  Restr. Angles    Proper Dih.  Improper Dih.
    7.75368e+01    2.32751e+02    1.09090e+02    2.99266e+01    1.82337e+00
        LJ (SR)   Coulomb (SR) Position Rest.      Potential Pressure (bar)
   -1.88966e+05   -4.14670e+02    3.82582e+01   -1.88892e+05   -2.11497e+03
   Constr. rmsd
    1.50507e-06

           Step           Time
            533      533.00000

   Energies (kJ/mol)
           Bond       G96Angle  Restr. Angles    Proper Dih.  Improper Dih.
    7.78174e+01    2.33319e+02    1.08797e+02    3.08332e+01    1.82648e+00
        LJ (SR)   Coulomb (SR) Position Rest.      Potential Pressure (bar)
   -1.88976e+05   -4.14657e+02    3.82877e+01   -1.88899e+05   -2.11361e+03
   Constr. rmsd
    2.34424e-06

           Step           Time
            534      534.00000

   Energies (kJ/mol)
           Bond       G96Angle  Restr. Angles    Proper Dih.  Improper Dih.
    7.76768e+01    2.34172e+02    1.09214e+02    3.16675e+01    1.82785e+00
        LJ (SR)   Coulomb (SR) Position Rest.      Potential Pressure (bar)
   -1.88986e+05   -4.14651e+02    3.83103e+01   -1.88908e+05   -2.11273e+03
   Constr. rmsd
    4.31183e-06

           Step           Time
            535      535.00000

   Energies (kJ/mol)
           Bond       G96Angle  Restr. Angles    Proper Dih.  Improper Dih.
    7.79985e+01    2.34431e+02    1.08779e+02    3.22105e+01    1.83081e+00
        LJ (SR)   Coulomb (SR) Position Rest.      Potential Pressure (bar)
   -1.88993e+05   -4.14639e+02    3.83354e+01   -1.88914e+05   -2.11154e+03
   Constr. rmsd
    6.01878e-06

           Step           Time
            536      536.00000

   Energies (kJ/mol)
           Bond       G96Angle  Restr. Angles    Proper Dih.  Improper Dih.
    7.80050e+01    2.37530e+02    1.09385e+02    3.58856e+01    1.83205e+00
        LJ (SR)   Coulomb (SR) Position Rest.      Potential Pressure (bar)
   -1.89004e+05   -4.14633e+02    3.83614e+01   -1.88918e+05   -2.11045e+03
   Constr. rmsd
    1.26240e-05

           Step           Time
            537      537.00000

   Energies (kJ/mol)
           Bond       G96Angle  Restr. Angles    Proper Dih.  Improper Dih.
    7.82498e+01    2.36137e+02    1.08758e+02    3.42924e+01    1.83505e+00
        LJ (SR)   Coulomb (SR) Position Rest.      Potential Pressure (bar)
   -1.89010e+05   -4.14621e+02    3.83835e+01   -1.88927e+05   -2.10944e+03
   Constr. rmsd
    1.66786e-05

           Step           Time
            538      538.00000

           Step           Time
            539      539.00000

   Energies (kJ/mol)
           Bond       G96Angle  Restr. Angles    Proper Dih.  Improper Dih.
    7.76068e+01    2.32529e+02    1.09160e+02    2.96524e+01    1.83555e+00
        LJ (SR)   Coulomb (SR) Position Rest.      Potential Pressure (bar)
   -1.89021e+05   -4.14619e+02    3.83985e+01   -1.88946e+05   -2.10908e+03
   Constr. rmsd
    4.68081e-06

           Step           Time
            540      540.00000

           Step           Time
            541      541.00000

   Energies (kJ/mol)
           Bond       G96Angle  Restr. Angles    Proper Dih.  Improper Dih.
    7.78082e+01    2.32900e+02    1.08909e+02    3.00996e+01    1.83869e+00
        LJ (SR)   Coulomb (SR) Position Rest.      Potential Pressure (bar)
   -1.89030e+05   -4.14606e+02    3.84295e+01   -1.88955e+05   -2.10773e+03
   Constr. rmsd
    1.43660e-06

           Step           Time
            542      542.00000

   Energies (kJ/mol)
           Bond       G96Angle  Restr. Angles    Proper Dih.  Improper Dih.
    7.76718e+01    2.33094e+02    1.09237e+02    3.02424e+01    1.83993e+00
        LJ (SR)   Coulomb (SR) Position Rest.      Potential Pressure (bar)
   -1.89040e+05   -4.14600e+02    3.84510e+01   -1.88964e+05   -2.10687e+03
   Constr. rmsd
    1.91362e-06

           Step           Time
            543      543.00000

   Energies (kJ/mol)
           Bond       G96Angle  Restr. Angles    Proper Dih.  Improper Dih.
    7.79320e+01    2.33546e+02    1.08905e+02    3.08824e+01    1.84290e+00
        LJ (SR)   Coulomb (SR) Position Rest.      Potential Pressure (bar)
   -1.89048e+05   -4.14588e+02    3.84790e+01   -1.88971e+05   -2.10565e+03
   Constr. rmsd
    2.85227e-06

           Step           Time
            544      544.00000

   Energies (kJ/mol)
           Bond       G96Angle  Restr. Angles    Proper Dih.  Improper Dih.
    7.78345e+01    2.34816e+02    1.09360e+02    3.23511e+01    1.84416e+00
        LJ (SR)   Coulomb (SR) Position Rest.      Potential Pressure (bar)
   -1.89059e+05   -4.14583e+02    3.85037e+01   -1.88979e+05   -2.10469e+03
   Constr. rmsd
    5.49340e-06

           Step           Time
            545      545.00000

   Energies (kJ/mol)
           Bond       G96Angle  Restr. Angles    Proper Dih.  Improper Dih.
    7.81206e+01    2.34698e+02    1.08887e+02    3.23303e+01    1.84716e+00
        LJ (SR)   Coulomb (SR) Position Rest.      Potential Pressure (bar)
   -1.89066e+05   -4.14571e+02    3.85284e+01   -1.88986e+05   -2.10360e+03
   Constr. rmsd
    7.42216e-06

           Step           Time
            546      546.00000

   Energies (kJ/mol)
           Bond       G96Angle  Restr. Angles    Proper Dih.  Improper Dih.
    7.82255e+01    2.38817e+02    1.09537e+02    3.73665e+01    1.84827e+00
        LJ (SR)   Coulomb (SR) Position Rest.      Potential Pressure (bar)
   -1.89077e+05   -4.14566e+02    3.85567e+01   -1.88987e+05   -2.10242e+03
   Constr. rmsd
    1.55977e-05

           Step           Time
            547      547.00000

   Energies (kJ/mol)
           Bond       G96Angle  Restr. Angles    Proper Dih.  Improper Dih.
    7.83830e+01    2.36484e+02    1.08865e+02    3.45073e+01    1.85139e+00
        LJ (SR)   Coulomb (SR) Position Rest.      Potential Pressure (bar)
   -1.89083e+05   -4.14555e+02    3.85788e+01   -1.88999e+05   -2.10149e+03
   Constr. rmsd
    2.04592e-05

           Step           Time
            548      548.00000

           Step           Time
            549      549.00000

   Energies (kJ/mol)
           Bond       G96Angle  Restr. Angles    Proper Dih.  Improper Dih.
    7.77250e+01    2.32871e+02    1.09292e+02    2.99102e+01    1.85186e+00
        LJ (SR)   Coulomb (SR) Position Rest.      Potential Pressure (bar)
   -1.89094e+05   -4.14553e+02    3.85949e+01   -1.89018e+05   -2.10109e+03
   Constr. rmsd
    5.77083e-06

           Step           Time
            550      550.00000

           Step           Time
            551      551.00000

   Energies (kJ/mol)
           Bond       G96Angle  Restr. Angles    Proper Dih.  Improper Dih.
    7.78982e+01    2.32924e+02    1.09024e+02    2.99625e+01    1.85464e+00
        LJ (SR)   Coulomb (SR) Position Rest.      Potential Pressure (bar)
   -1.89102e+05   -4.14542e+02    3.86226e+01   -1.89026e+05   -2.09995e+03
   Constr. rmsd
    1.68705e-06

           Step           Time
            552      552.00000

   Energies (kJ/mol)
           Bond       G96Angle  Restr. Angles    Proper Dih.  Improper Dih.
    7.77992e+01    2.33570e+02    1.09369e+02    3.06514e+01    1.85592e+00
        LJ (SR)   Coulomb (SR) Position Rest.      Potential Pressure (bar)
   -1.89112e+05   -4.14536e+02    3.86470e+01   -1.89035e+05   -2.09903e+03
   Constr. rmsd
    2.46875e-06

           Step           Time
            553      553.00000

   Energies (kJ/mol)
           Bond       G96Angle  Restr. Angles    Proper Dih.  Improper Dih.
    7.80308e+01    2.33634e+02    1.09015e+02    3.08323e+01    1.85873e+00
        LJ (SR)   Coulomb (SR) Position Rest.      Potential Pressure (bar)
   -1.89119e+05   -4.14525e+02    3.86736e+01   -1.89042e+05   -2.09791e+03
   Constr. rmsd
    3.23335e-06

           Step           Time
            554      554.00000

   Energies (kJ/mol)
           Bond       G96Angle  Restr. Angles    Proper Dih.  Improper Dih.
    7.79961e+01    2.35650e+02    1.09498e+02    3.32085e+01    1.85987e+00
        LJ (SR)   Coulomb (SR) Position Rest.      Potential Pressure (bar)
   -1.89130e+05   -4.14520e+02    3.86999e+01   -1.89048e+05   -2.09684e+03
   Constr. rmsd
    6.49366e-06

           Step           Time
            555      555.00000

   Energies (kJ/mol)
           Bond       G96Angle  Restr. Angles    Proper Dih.  Improper Dih.
    7.82292e+01    2.34851e+02    1.08995e+02    3.23576e+01    1.86283e+00
        LJ (SR)   Coulomb (SR) Position Rest.      Potential Pressure (bar)
   -1.89137e+05   -4.14508e+02    3.87231e+01   -1.89056e+05   -2.09580e+03
   Constr. rmsd
    8.86715e-06

           Step           Time
            556      556.00000

           Step           Time
            557      557.00000

   Energies (kJ/mol)
           Bond       G96Angle  Restr. Angles    Proper Dih.  Improper Dih.
    7.77651e+01    2.32389e+02    1.09318e+02    2.91420e+01    1.86331e+00
        LJ (SR)   Coulomb (SR) Position Rest.      Potential Pressure (bar)
   -1.89145e+05   -4.14506e+02    3.87378e+01   -1.89071e+05   -2.09537e+03
   Constr. rmsd
    2.58244e-06

           Step           Time
            558      558.00000

   Energies (kJ/mol)
           Bond       G96Angle  Restr. Angles    Proper Dih.  Improper Dih.
    7.85550e+01    2.37162e+02    1.08956e+02    3.52486e+01    1.87001e+00
        LJ (SR)   Coulomb (SR) Position Rest.      Potential Pressure (bar)
   -1.89166e+05   -4.14478e+02    3.88081e+01   -1.89080e+05   -2.09233e+03
   Constr. rmsd
    4.61033e-06

           Step           Time
            559      559.00000

   Energies (kJ/mol)
           Bond       G96Angle  Restr. Angles    Proper Dih.  Improper Dih.
    7.78560e+01    2.33094e+02    1.09435e+02    2.99674e+01    1.87014e+00
        LJ (SR)   Coulomb (SR) Position Rest.      Potential Pressure (bar)
   -1.89177e+05   -4.14476e+02    3.88243e+01   -1.89100e+05   -2.09193e+03
   Constr. rmsd
    7.06395e-06

           Step           Time
            560      560.00000

           Step           Time
            561      561.00000

   Energies (kJ/mol)
           Bond       G96Angle  Restr. Angles    Proper Dih.  Improper Dih.
    7.79998e+01    2.32922e+02    1.09157e+02    2.96938e+01    1.87276e+00
        LJ (SR)   Coulomb (SR) Position Rest.      Potential Pressure (bar)
   -1.89184e+05   -4.14466e+02    3.88497e+01   -1.89108e+05   -2.09085e+03
   Constr. rmsd
    1.59739e-06

           Step           Time
            562      562.00000

   Energies (kJ/mol)
           Bond       G96Angle  Restr. Angles    Proper Dih.  Improper Dih.
    7.79652e+01    2.34203e+02    1.09528e+02    3.12712e+01    1.87404e+00
        LJ (SR)   Coulomb (SR) Position Rest.      Potential Pressure (bar)
   -1.89195e+05   -4.14460e+02    3.88770e+01   -1.89116e+05   -2.08972e+03
   Constr. rmsd
    2.70740e-06

           Step           Time
            563      563.00000

   Energies (kJ/mol)
           Bond       G96Angle  Restr. Angles    Proper Dih.  Improper Dih.
    7.81388e+01    2.33637e+02    1.09145e+02    3.06013e+01    1.87676e+00
        LJ (SR)   Coulomb (SR) Position Rest.      Potential Pressure (bar)
   -1.89202e+05   -4.14451e+02    3.89006e+01   -1.89124e+05   -2.08869e+03
   Constr. rmsd
    4.03860e-06

           Step           Time
            564      564.00000

   Energies (kJ/mol)
           Bond       G96Angle  Restr. Angles    Proper Dih.  Improper Dih.
    7.82112e+01    2.36778e+02    1.09660e+02    3.44410e+01    1.87798e+00
        LJ (SR)   Coulomb (SR) Position Rest.      Potential Pressure (bar)
   -1.89213e+05   -4.14445e+02    3.89300e+01   -1.89127e+05   -2.08747e+03
   Constr. rmsd
    7.87039e-06

           Step           Time
            565      565.00000

   Energies (kJ/mol)
           Bond       G96Angle  Restr. Angles    Proper Dih.  Improper Dih.
    7.83422e+01    2.34881e+02    1.09122e+02    3.21584e+01    1.88089e+00
        LJ (SR)   Coulomb (SR) Position Rest.      Potential Pressure (bar)
   -1.89219e+05   -4.14435e+02    3.89521e+01   -1.89138e+05   -2.08656e+03
   Constr. rmsd
    1.07745e-05

           Step           Time
            566      566.00000

           Step           Time
            567      567.00000

   Energies (kJ/mol)
           Bond       G96Angle  Restr. Angles    Proper Dih.  Improper Dih.
    7.78990e+01    2.32740e+02    1.09464e+02    2.93712e+01    1.88133e+00
        LJ (SR)   Coulomb (SR) Position Rest.      Potential Pressure (bar)
   -1.89228e+05   -4.14432e+02    3.89682e+01   -1.89152e+05   -2.08609e+03
   Constr. rmsd
    3.08421e-06

           Step           Time
            568      568.00000

   Energies (kJ/mol)
           Bond       G96Angle  Restr. Angles    Proper Dih.  Improper Dih.
    7.86517e+01    2.37097e+02    1.09072e+02    3.49706e+01    1.88663e+00
        LJ (SR)   Coulomb (SR) Position Rest.      Potential Pressure (bar)
   -1.89242e+05   -4.14412e+02    3.90231e+01   -1.89156e+05   -2.08368e+03
   Constr. rmsd
    5.40258e-06

           Step           Time
            569      569.00000

   Energies (kJ/mol)
           Bond       G96Angle  Restr. Angles    Proper Dih.  Improper Dih.
    7.80208e+01    2.33917e+02    1.09585e+02    3.07980e+01    1.88669e+00
        LJ (SR)   Coulomb (SR) Position Rest.      Potential Pressure (bar)
   -1.89254e+05   -4.14410e+02    3.90410e+01   -1.89175e+05   -2.08318e+03
   Constr. rmsd
    8.84808e-06

           Step           Time
            570      570.00000

           Step           Time
            571      571.00000

   Energies (kJ/mol)
           Bond       G96Angle  Restr. Angles    Proper Dih.  Improper Dih.
    7.80717e+01    2.32748e+02    1.09284e+02    2.93186e+01    1.88894e+00
        LJ (SR)   Coulomb (SR) Position Rest.      Potential Pressure (bar)
   -1.89260e+05   -4.14401e+02    3.90617e+01   -1.89184e+05   -2.08235e+03
   Constr. rmsd
    1.81429e-06

           Step           Time
            572      572.00000

   Energies (kJ/mol)
           Bond       G96Angle  Restr. Angles    Proper Dih.  Improper Dih.
    7.81530e+01    2.35228e+02    1.09671e+02    3.23090e+01    1.89062e+00
        LJ (SR)   Coulomb (SR) Position Rest.      Potential Pressure (bar)
   -1.89272e+05   -4.14393e+02    3.90961e+01   -1.89190e+05   -2.08099e+03
   Constr. rmsd
    3.09681e-06

           Step           Time
            573      573.00000

   Energies (kJ/mol)
           Bond       G96Angle  Restr. Angles    Proper Dih.  Improper Dih.
    7.82109e+01    2.33428e+02    1.09268e+02    3.01661e+01    1.89311e+00
        LJ (SR)   Coulomb (SR) Position Rest.      Potential Pressure (bar)
   -1.89279e+05   -4.14384e+02    3.91173e+01   -1.89201e+05   -2.08013e+03
   Constr. rmsd
    4.60941e-06

           Step           Time
            574      574.00000

           Step           Time
            575      575.00000

   Energies (kJ/mol)
           Bond       G96Angle  Restr. Angles    Proper Dih.  Improper Dih.
    7.79775e+01    2.32676e+02    1.09525e+02    2.91012e+01    1.89381e+00
        LJ (SR)   Coulomb (SR) Position Rest.      Potential Pressure (bar)
   -1.89286e+05   -4.14380e+02    3.91349e+01   -1.89211e+05   -2.07955e+03
   Constr. rmsd
    1.41674e-06

           Step           Time
            576      576.00000

   Energies (kJ/mol)
           Bond       G96Angle  Restr. Angles    Proper Dih.  Improper Dih.
    7.83820e+01    2.34413e+02    1.09242e+02    3.13840e+01    1.89800e+00
        LJ (SR)   Coulomb (SR) Position Rest.      Potential Pressure (bar)
   -1.89300e+05   -4.14364e+02    3.91821e+01   -1.89220e+05   -2.07757e+03
   Constr. rmsd
    2.14905e-06

           Step           Time
            577      577.00000

   Energies (kJ/mol)
           Bond       G96Angle  Restr. Angles    Proper Dih.  Improper Dih.
    7.80822e+01    2.33710e+02    1.09636e+02    3.03403e+01    1.89842e+00
        LJ (SR)   Coulomb (SR) Position Rest.      Potential Pressure (bar)
   -1.89309e+05   -4.14360e+02    3.92022e+01   -1.89231e+05   -2.07687e+03
   Constr. rmsd
    3.86215e-06

           Step           Time
            578      578.00000

   Energies (kJ/mol)
           Bond       G96Angle  Restr. Angles    Proper Dih.  Improper Dih.
    7.85754e+01    2.35661e+02    1.09219e+02    3.29041e+01    1.90188e+00
        LJ (SR)   Coulomb (SR) Position Rest.      Potential Pressure (bar)
   -1.89318e+05   -4.14348e+02    3.92361e+01   -1.89234e+05   -2.07536e+03
   Constr. rmsd
    5.63346e-06

           Step           Time
            579      579.00000

   Energies (kJ/mol)
           Bond       G96Angle  Restr. Angles    Proper Dih.  Improper Dih.
    7.83343e+01    2.36356e+02    1.09788e+02    3.36587e+01    1.90219e+00
        LJ (SR)   Coulomb (SR) Position Rest.      Potential Pressure (bar)
   -1.89328e+05   -4.14344e+02    3.92600e+01   -1.89243e+05   -2.07452e+03
   Constr. rmsd
    1.13741e-05

           Step           Time
            580      580.00000

   Energies (kJ/mol)
           Bond       G96Angle  Restr. Angles    Proper Dih.  Improper Dih.
    7.88650e+01    2.37693e+02    1.09187e+02    3.54156e+01    1.90572e+00
        LJ (SR)   Coulomb (SR) Position Rest.      Potential Pressure (bar)
   -1.89334e+05   -4.14333e+02    3.92878e+01   -1.89246e+05   -2.07330e+03
   Constr. rmsd
    1.57699e-05

           Step           Time
            581      581.00000

           Step           Time
            582      582.00000

   Energies (kJ/mol)
           Bond       G96Angle  Restr. Angles    Proper Dih.  Improper Dih.
    7.80663e+01    2.32487e+02    1.09563e+02    2.88209e+01    1.90567e+00
        LJ (SR)   Coulomb (SR) Position Rest.      Potential Pressure (bar)
   -1.89344e+05   -4.14331e+02    3.93016e+01   -1.89268e+05   -2.07307e+03
   Constr. rmsd
    4.37004e-06

           Step           Time
            583      583.00000

   Energies (kJ/mol)
           Bond       G96Angle  Restr. Angles    Proper Dih.  Improper Dih.
    7.90714e+01    2.39462e+02    1.09175e+02    3.73839e+01    1.91571e+00
        LJ (SR)   Coulomb (SR) Position Rest.      Potential Pressure (bar)
   -1.89377e+05   -4.14290e+02    3.94250e+01   -1.89285e+05   -2.06806e+03
   Constr. rmsd
    6.03999e-06

           Step           Time
            584      584.00000

   Energies (kJ/mol)
           Bond       G96Angle  Restr. Angles    Proper Dih.  Improper Dih.
    7.82064e+01    2.33504e+02    1.09730e+02    2.99768e+01    1.91509e+00
        LJ (SR)   Coulomb (SR) Position Rest.      Potential Pressure (bar)
   -1.89390e+05   -4.14290e+02    3.94414e+01   -1.89312e+05   -2.06773e+03
   Constr. rmsd
    1.02870e-05

           Step           Time
            585      585.00000

           Step           Time
            586      586.00000

   Energies (kJ/mol)
           Bond       G96Angle  Restr. Angles    Proper Dih.  Improper Dih.
    7.83982e+01    2.33741e+02    1.09400e+02    3.00517e+01    1.91779e+00
        LJ (SR)   Coulomb (SR) Position Rest.      Potential Pressure (bar)
   -1.89398e+05   -4.14280e+02    3.94693e+01   -1.89319e+05   -2.06664e+03
   Constr. rmsd
    2.47694e-06

           Step           Time
            587      587.00000

   Energies (kJ/mol)
           Bond       G96Angle  Restr. Angles    Proper Dih.  Improper Dih.
    7.83741e+01    2.35311e+02    1.09843e+02    3.22116e+01    1.91843e+00
        LJ (SR)   Coulomb (SR) Position Rest.      Potential Pressure (bar)
   -1.89408e+05   -4.14275e+02    3.94975e+01   -1.89325e+05   -2.06560e+03
   Constr. rmsd
    4.77650e-06

           Step           Time
            588      588.00000

   Energies (kJ/mol)
           Bond       G96Angle  Restr. Angles    Proper Dih.  Improper Dih.
    7.85742e+01    2.34688e+02    1.09383e+02    3.13110e+01    1.92129e+00
        LJ (SR)   Coulomb (SR) Position Rest.      Potential Pressure (bar)
   -1.89415e+05   -4.14265e+02    3.95226e+01   -1.89334e+05   -2.06466e+03
   Constr. rmsd
    6.44244e-06

           Step           Time
            589      589.00000

           Step           Time
            590      590.00000

   Energies (kJ/mol)
           Bond       G96Angle  Restr. Angles    Proper Dih.  Improper Dih.
    7.81950e+01    2.32681e+02    1.09672e+02    2.88102e+01    1.92150e+00
        LJ (SR)   Coulomb (SR) Position Rest.      Potential Pressure (bar)
   -1.89423e+05   -4.14263e+02    3.95383e+01   -1.89346e+05   -2.06421e+03
   Constr. rmsd
    1.91728e-06

           Step           Time
            591      591.00000

   Energies (kJ/mol)
           Bond       G96Angle  Restr. Angles    Proper Dih.  Improper Dih.
    7.88381e+01    2.36395e+02    1.09353e+02    3.34412e+01    1.92739e+00
        LJ (SR)   Coulomb (SR) Position Rest.      Potential Pressure (bar)
   -1.89443e+05   -4.14240e+02    3.96147e+01   -1.89358e+05   -2.06115e+03
   Constr. rmsd
    3.32729e-06

           Step           Time
            592      592.00000

   Energies (kJ/mol)
           Bond       G96Angle  Restr. Angles    Proper Dih.  Improper Dih.
    7.82784e+01    2.33331e+02    1.09775e+02    2.95569e+01    1.92713e+00
        LJ (SR)   Coulomb (SR) Position Rest.      Potential Pressure (bar)
   -1.89453e+05   -4.14239e+02    3.96320e+01   -1.89375e+05   -2.06072e+03
   Constr. rmsd
    5.13677e-06

           Step           Time
            593      593.00000

           Step           Time
            594      594.00000

   Energies (kJ/mol)
           Bond       G96Angle  Restr. Angles    Proper Dih.  Improper Dih.
    7.83940e+01    2.33041e+02    1.09533e+02    2.91287e+01    1.92940e+00
        LJ (SR)   Coulomb (SR) Position Rest.      Potential Pressure (bar)
   -1.89460e+05   -4.14231e+02    3.96576e+01   -1.89383e+05   -2.05969e+03
   Constr. rmsd
    1.30226e-06

           Step           Time
            595      595.00000

   Energies (kJ/mol)
           Bond       G96Angle  Restr. Angles    Proper Dih.  Improper Dih.
    7.83662e+01    2.34248e+02    1.09853e+02    3.06242e+01    1.93037e+00
        LJ (SR)   Coulomb (SR) Position Rest.      Potential Pressure (bar)
   -1.89471e+05   -4.14225e+02    3.96874e+01   -1.89390e+05   -2.05858e+03
   Constr. rmsd
    2.10688e-06

           Step           Time
            596      596.00000

   Energies (kJ/mol)
           Bond       G96Angle  Restr. Angles    Proper Dih.  Improper Dih.
    7.85117e+01    2.33602e+02    1.09519e+02    2.98392e+01    1.93291e+00
        LJ (SR)   Coulomb (SR) Position Rest.      Potential Pressure (bar)
   -1.89478e+05   -4.14217e+02    3.97120e+01   -1.89399e+05   -2.05762e+03
   Constr. rmsd
    2.87528e-06

           Step           Time
            597      597.00000

   Energies (kJ/mol)
           Bond       G96Angle  Restr. Angles    Proper Dih.  Improper Dih.
    7.85613e+01    2.36312e+02    1.09966e+02    3.31511e+01    1.93355e+00
        LJ (SR)   Coulomb (SR) Position Rest.      Potential Pressure (bar)
   -1.89488e+05   -4.14212e+02    3.97440e+01   -1.89403e+05   -2.05640e+03
   Constr. rmsd
    5.56514e-06

           Step           Time
            598      598.00000

   Energies (kJ/mol)
           Bond       G96Angle  Restr. Angles    Proper Dih.  Improper Dih.
    7.86901e+01    2.34623e+02    1.09496e+02    3.11235e+01    1.93633e+00
        LJ (SR)   Coulomb (SR) Position Rest.      Potential Pressure (bar)
   -1.89495e+05   -4.14204e+02    3.97673e+01   -1.89413e+05   -2.05553e+03
   Constr. rmsd
    7.73099e-06

           Step           Time
            599      599.00000

           Step           Time
            600      600.00000

   Energies (kJ/mol)
           Bond       G96Angle  Restr. Angles    Proper Dih.  Improper Dih.
    7.83251e+01    2.33016e+02    1.09795e+02    2.90090e+01    1.93649e+00
        LJ (SR)   Coulomb (SR) Position Rest.      Potential Pressure (bar)
   -1.89503e+05   -4.14202e+02    3.97845e+01   -1.89425e+05   -2.05502e+03
   Constr. rmsd
    2.13537e-06

           Step           Time
            601      601.00000

   Energies (kJ/mol)
           Bond       G96Angle  Restr. Angles    Proper Dih.  Improper Dih.
    7.89409e+01    2.36303e+02    1.09454e+02    3.32230e+01    1.94113e+00
        LJ (SR)   Coulomb (SR) Position Rest.      Potential Pressure (bar)
   -1.89517e+05   -4.14187e+02    3.98412e+01   -1.89432e+05   -2.05275e+03
   Constr. rmsd
    3.76161e-06

           Step           Time
            602      602.00000

   Energies (kJ/mol)
           Bond       G96Angle  Restr. Angles    Proper Dih.  Improper Dih.
    7.84365e+01    2.34108e+02    1.09909e+02    3.03265e+01    1.94083e+00
        LJ (SR)   Coulomb (SR) Position Rest.      Potential Pressure (bar)
   -1.89527e+05   -4.14185e+02    3.98605e+01   -1.89447e+05   -2.05220e+03
   Constr. rmsd
    6.56763e-06

           Step           Time
            603      603.00000

           Step           Time
            604      604.00000

   Energies (kJ/mol)
           Bond       G96Angle  Restr. Angles    Proper Dih.  Improper Dih.
    7.84731e+01    2.32910e+02    1.09647e+02    2.88196e+01    1.94286e+00
        LJ (SR)   Coulomb (SR) Position Rest.      Potential Pressure (bar)
   -1.89533e+05   -4.14179e+02    3.98809e+01   -1.89456e+05   -2.05145e+03
   Constr. rmsd
    1.44308e-06

           Step           Time
            605      605.00000

   Energies (kJ/mol)
           Bond       G96Angle  Restr. Angles    Proper Dih.  Improper Dih.
    7.85478e+01    2.35198e+02    1.09982e+02    3.15613e+01    1.94421e+00
        LJ (SR)   Coulomb (SR) Position Rest.      Potential Pressure (bar)
   -1.89546e+05   -4.14172e+02    3.99199e+01   -1.89463e+05   -2.05003e+03
   Constr. rmsd
    2.37170e-06

           Step           Time
            606      606.00000

   Energies (kJ/mol)
           Bond       G96Angle  Restr. Angles    Proper Dih.  Improper Dih.
    7.85944e+01    2.33431e+02    1.09632e+02    2.94546e+01    1.94651e+00
        LJ (SR)   Coulomb (SR) Position Rest.      Potential Pressure (bar)
   -1.89552e+05   -4.14164e+02    3.99415e+01   -1.89473e+05   -2.04924e+03
   Constr. rmsd
    3.27170e-06

           Step           Time
            607      607.00000

   Energies (kJ/mol)
           Bond       G96Angle  Restr. Angles    Proper Dih.  Improper Dih.
    7.88000e+01    2.37807e+02    1.10103e+02    3.47626e+01    1.94728e+00
        LJ (SR)   Coulomb (SR) Position Rest.      Potential Pressure (bar)
   -1.89564e+05   -4.14159e+02    3.99804e+01   -1.89475e+05   -2.04773e+03
   Constr. rmsd
    6.57018e-06

           Step           Time
            608      608.00000

   Energies (kJ/mol)
           Bond       G96Angle  Restr. Angles    Proper Dih.  Improper Dih.
    7.87713e+01    2.34390e+02    1.09609e+02    3.06487e+01    1.94996e+00
        LJ (SR)   Coulomb (SR) Position Rest.      Potential Pressure (bar)
   -1.89570e+05   -4.14151e+02    4.00015e+01   -1.89489e+05   -2.04698e+03
   Constr. rmsd
    9.18596e-06

           Step           Time
            609      609.00000

           Step           Time
            610      610.00000

   Energies (kJ/mol)
           Bond       G96Angle  Restr. Angles    Proper Dih.  Improper Dih.
    7.84707e+01    2.33572e+02    1.09923e+02    2.94712e+01    1.95009e+00
        LJ (SR)   Coulomb (SR) Position Rest.      Potential Pressure (bar)
   -1.89579e+05   -4.14148e+02    4.00217e+01   -1.89500e+05   -2.04630e+03
   Constr. rmsd
    2.62834e-06

           Step           Time
            611      611.00000

   Energies (kJ/mol)
           Bond       G96Angle  Restr. Angles    Proper Dih.  Improper Dih.
    7.90055e+01    2.35907e+02    1.09563e+02    3.25729e+01    1.95358e+00
        LJ (SR)   Coulomb (SR) Position Rest.      Potential Pressure (bar)
   -1.89588e+05   -4.14136e+02    4.00644e+01   -1.89504e+05   -2.04460e+03
   Constr. rmsd
    4.25022e-06

           Step           Time
            612      612.00000

   Energies (kJ/mol)
           Bond       G96Angle  Restr. Angles    Proper Dih.  Improper Dih.
    7.86458e+01    2.35424e+02    1.10055e+02    3.17515e+01    1.95311e+00
        LJ (SR)   Coulomb (SR) Position Rest.      Potential Pressure (bar)
   -1.89599e+05   -4.14134e+02    4.00870e+01   -1.89515e+05   -2.04390e+03
   Constr. rmsd
    8.19100e-06

           Step           Time
            613      613.00000

   Energies (kJ/mol)
           Bond       G96Angle  Restr. Angles    Proper Dih.  Improper Dih.
    7.92778e+01    2.37790e+02    1.09529e+02    3.48621e+01    1.95656e+00
        LJ (SR)   Coulomb (SR) Position Rest.      Potential Pressure (bar)
   -1.89605e+05   -4.14124e+02    4.01193e+01   -1.89515e+05   -2.04251e+03
   Constr. rmsd
    1.16165e-05

           Step           Time
            614      614.00000

   Energies (kJ/mol)
           Bond       G96Angle  Restr. Angles    Proper Dih.  Improper Dih.
    7.90836e+01    2.39965e+02    1.10240e+02    3.74833e+01    1.95555e+00
        LJ (SR)   Coulomb (SR) Position Rest.      Potential Pressure (bar)
   -1.89616e+05   -4.14123e+02    4.01453e+01   -1.89521e+05   -2.04158e+03
   Constr. rmsd
    2.40044e-05

           Step           Time
            615      615.00000

   Energies (kJ/mol)
           Bond       G96Angle  Restr. Angles    Proper Dih.  Improper Dih.
    7.96792e+01    2.40774e+02    1.09490e+02    3.84586e+01    1.95937e+00
        LJ (SR)   Coulomb (SR) Position Rest.      Potential Pressure (bar)
   -1.89619e+05   -4.14112e+02    4.01722e+01   -1.89523e+05   -2.04039e+03
   Constr. rmsd
    3.20065e-05

           Step           Time
            616      616.00000

           Step           Time
            617      617.00000

   Energies (kJ/mol)
           Bond       G96Angle  Restr. Angles    Proper Dih.  Improper Dih.
    7.85510e+01    2.33267e+02    1.09950e+02    2.90873e+01    1.95846e+00
        LJ (SR)   Coulomb (SR) Position Rest.      Potential Pressure (bar)
   -1.89632e+05   -4.14112e+02    4.01874e+01   -1.89553e+05   -2.04024e+03
   Constr. rmsd
    8.80948e-06

           Step           Time
            618      618.00000

           Step           Time
            619      619.00000

   Energies (kJ/mol)
           Bond       G96Angle  Restr. Angles    Proper Dih.  Improper Dih.
    7.88811e+01    2.34714e+02    1.09666e+02    3.06885e+01    1.96184e+00
        LJ (SR)   Coulomb (SR) Position Rest.      Potential Pressure (bar)
   -1.89643e+05   -4.14099e+02    4.02343e+01   -1.89561e+05   -2.03850e+03
   Constr. rmsd
    1.88405e-06

           Step           Time
            620      620.00000

   Energies (kJ/mol)
           Bond       G96Angle  Restr. Angles    Proper Dih.  Improper Dih.
    7.86499e+01    2.34247e+02    1.10058e+02    3.01715e+01    1.96147e+00
        LJ (SR)   Coulomb (SR) Position Rest.      Potential Pressure (bar)
   -1.89653e+05   -4.14096e+02    4.02565e+01   -1.89571e+05   -2.03781e+03
   Constr. rmsd
    3.47486e-06

           Step           Time
            621      621.00000

   Energies (kJ/mol)
           Bond       G96Angle  Restr. Angles    Proper Dih.  Improper Dih.
    7.90815e+01    2.35831e+02    1.09652e+02    3.20720e+01    1.96437e+00
        LJ (SR)   Coulomb (SR) Position Rest.      Potential Pressure (bar)
   -1.89660e+05   -4.14086e+02    4.02908e+01   -1.89576e+05   -2.03644e+03
   Constr. rmsd
    4.94960e-06

           Step           Time
            622      622.00000

   Energies (kJ/mol)
           Bond       G96Angle  Restr. Angles    Proper Dih.  Improper Dih.
    7.88865e+01    2.36794e+02    1.10195e+02    3.33606e+01    1.96363e+00
        LJ (SR)   Coulomb (SR) Position Rest.      Potential Pressure (bar)
   -1.89671e+05   -4.14084e+02    4.03166e+01   -1.89583e+05   -2.03553e+03
   Constr. rmsd
    1.02359e-05

           Step           Time
            623      623.00000

   Energies (kJ/mol)
           Bond       G96Angle  Restr. Angles    Proper Dih.  Improper Dih.
    7.93501e+01    2.37569e+02    1.09626e+02    3.42520e+01    1.96684e+00
        LJ (SR)   Coulomb (SR) Position Rest.      Potential Pressure (bar)
   -1.89676e+05   -4.14074e+02    4.03441e+01   -1.89587e+05   -2.03437e+03
   Constr. rmsd
    1.38268e-05

           Step           Time
            624      624.00000

           Step           Time
            625      625.00000

   Energies (kJ/mol)
           Bond       G96Angle  Restr. Angles    Proper Dih.  Improper Dih.
    7.86353e+01    2.33101e+02    1.09983e+02    2.86711e+01    1.96617e+00
        LJ (SR)   Coulomb (SR) Position Rest.      Potential Pressure (bar)
   -1.89685e+05   -4.14073e+02    4.03586e+01   -1.89607e+05   -2.03406e+03
   Constr. rmsd
    3.89367e-06

           Step           Time
            626      626.00000

   Energies (kJ/mol)
           Bond       G96Angle  Restr. Angles    Proper Dih.  Improper Dih.
    7.96685e+01    2.39902e+02    1.09597e+02    3.71058e+01    1.97254e+00
        LJ (SR)   Coulomb (SR) Position Rest.      Potential Pressure (bar)
   -1.89711e+05   -4.14047e+02    4.04648e+01   -1.89617e+05   -2.02985e+03
   Constr. rmsd
    6.22909e-06

           Step           Time
            627      627.00000

   Energies (kJ/mol)
           Bond       G96Angle  Restr. Angles    Proper Dih.  Improper Dih.
    7.87594e+01    2.34001e+02    1.10122e+02    2.97313e+01    1.97104e+00
        LJ (SR)   Coulomb (SR) Position Rest.      Potential Pressure (bar)
   -1.89724e+05   -4.14047e+02    4.04818e+01   -1.89642e+05   -2.02952e+03
   Constr. rmsd
    1.00343e-05

           Step           Time
            628      628.00000

           Step           Time
            629      629.00000

   Energies (kJ/mol)
           Bond       G96Angle  Restr. Angles    Proper Dih.  Improper Dih.
    7.89696e+01    2.34225e+02    1.09813e+02    2.97826e+01    1.97324e+00
        LJ (SR)   Coulomb (SR) Position Rest.      Potential Pressure (bar)
   -1.89731e+05   -4.14040e+02    4.05108e+01   -1.89650e+05   -2.02846e+03
   Constr. rmsd
    2.20356e-06

           Step           Time
            630      630.00000

   Energies (kJ/mol)
           Bond       G96Angle  Restr. Angles    Proper Dih.  Improper Dih.
    7.89048e+01    2.35558e+02    1.10226e+02    3.16426e+01    1.97286e+00
        LJ (SR)   Coulomb (SR) Position Rest.      Potential Pressure (bar)
   -1.89741e+05   -4.14036e+02    4.05397e+01   -1.89656e+05   -2.02742e+03
   Constr. rmsd
    4.16561e-06

           Step           Time
            631      631.00000

   Energies (kJ/mol)
           Bond       G96Angle  Restr. Angles    Proper Dih.  Improper Dih.
    7.91473e+01    2.35144e+02    1.09798e+02    3.09671e+01    1.97532e+00
        LJ (SR)   Coulomb (SR) Position Rest.      Potential Pressure (bar)
   -1.89747e+05   -4.14028e+02    4.05661e+01   -1.89663e+05   -2.02643e+03
   Constr. rmsd
    5.77735e-06

           Step           Time
            632      632.00000

   Energies (kJ/mol)
           Bond       G96Angle  Restr. Angles    Proper Dih.  Improper Dih.
    7.92328e+01    2.38967e+02    1.10370e+02    3.58996e+01    1.97443e+00
        LJ (SR)   Coulomb (SR) Position Rest.      Potential Pressure (bar)
   -1.89758e+05   -4.14026e+02    4.05983e+01   -1.89665e+05   -2.02524e+03
   Constr. rmsd
    1.21770e-05

           Step           Time
            633      633.00000

   Energies (kJ/mol)
           Bond       G96Angle  Restr. Angles    Proper Dih.  Improper Dih.
    7.93995e+01    2.36690e+02    1.09775e+02    3.28748e+01    1.97743e+00
        LJ (SR)   Coulomb (SR) Position Rest.      Potential Pressure (bar)
   -1.89763e+05   -4.14017e+02    4.06223e+01   -1.89676e+05   -2.02441e+03
   Constr. rmsd
    1.60056e-05

           Step           Time
            634      634.00000

           Step           Time
            635      635.00000

   Energies (kJ/mol)
           Bond       G96Angle  Restr. Angles    Proper Dih.  Improper Dih.
    7.88296e+01    2.33812e+02    1.10149e+02    2.93265e+01    1.97662e+00
        LJ (SR)   Coulomb (SR) Position Rest.      Potential Pressure (bar)
   -1.89772e+05   -4.14017e+02    4.06409e+01   -1.89692e+05   -2.02394e+03
   Constr. rmsd
    4.55139e-06

           Step           Time
            636      636.00000

           Step           Time
            637      637.00000

   Energies (kJ/mol)
           Bond       G96Angle  Restr. Angles    Proper Dih.  Improper Dih.
    7.89960e+01    2.33727e+02    1.09918e+02    2.91484e+01    1.97848e+00
        LJ (SR)   Coulomb (SR) Position Rest.      Potential Pressure (bar)
   -1.89780e+05   -4.14010e+02    4.06702e+01   -1.89700e+05   -2.02288e+03
   Constr. rmsd
    1.26250e-06

           Step           Time
            638      638.00000

   Energies (kJ/mol)
           Bond       G96Angle  Restr. Angles    Proper Dih.  Improper Dih.
    7.89042e+01    2.34448e+02    1.10216e+02    3.00134e+01    1.97823e+00
        LJ (SR)   Coulomb (SR) Position Rest.      Potential Pressure (bar)
   -1.89789e+05   -4.14007e+02    4.06984e+01   -1.89707e+05   -2.02193e+03
   Constr. rmsd
    1.96378e-06

           Step           Time
            639      639.00000

   Energies (kJ/mol)
           Bond       G96Angle  Restr. Angles    Proper Dih.  Improper Dih.
    7.91282e+01    2.34325e+02    1.09907e+02    2.98642e+01    1.98024e+00
        LJ (SR)   Coulomb (SR) Position Rest.      Potential Pressure (bar)
   -1.89796e+05   -4.14000e+02    4.07269e+01   -1.89714e+05   -2.02086e+03
   Constr. rmsd
    2.58888e-06

           Step           Time
            640      640.00000

   Energies (kJ/mol)
           Bond       G96Angle  Restr. Angles    Proper Dih.  Improper Dih.
    7.90750e+01    2.36240e+02    1.10326e+02    3.22303e+01    1.97966e+00
        LJ (SR)   Coulomb (SR) Position Rest.      Potential Pressure (bar)
   -1.89807e+05   -4.13997e+02    4.07578e+01   -1.89720e+05   -2.01979e+03
   Constr. rmsd
    4.92327e-06

           Step           Time
            641      641.00000

   Energies (kJ/mol)
           Bond       G96Angle  Restr. Angles    Proper Dih.  Improper Dih.
    7.93172e+01    2.35369e+02    1.09885e+02    3.11488e+01    1.98212e+00
        LJ (SR)   Coulomb (SR) Position Rest.      Potential Pressure (bar)
   -1.89813e+05   -4.13990e+02    4.07839e+01   -1.89728e+05   -2.01882e+03
   Constr. rmsd
    6.94628e-06

           Step           Time
            642      642.00000

           Step           Time
            643      643.00000

   Energies (kJ/mol)
           Bond       G96Angle  Restr. Angles    Proper Dih.  Improper Dih.
    7.89056e+01    2.33428e+02    1.10167e+02    2.86675e+01    1.98144e+00
        LJ (SR)   Coulomb (SR) Position Rest.      Potential Pressure (bar)
   -1.89820e+05   -4.13989e+02    4.08010e+01   -1.89740e+05   -2.01834e+03
   Constr. rmsd
    2.04312e-06

           Step           Time
            644      644.00000

   Energies (kJ/mol)
           Bond       G96Angle  Restr. Angles    Proper Dih.  Improper Dih.
    7.95965e+01    2.37134e+02    1.09847e+02    3.33237e+01    1.98506e+00
        LJ (SR)   Coulomb (SR) Position Rest.      Potential Pressure (bar)
   -1.89838e+05   -4.13974e+02    4.08755e+01   -1.89749e+05   -2.01553e+03
   Constr. rmsd
    3.54975e-06

           Step           Time
            645      645.00000

   Energies (kJ/mol)
           Bond       G96Angle  Restr. Angles    Proper Dih.  Improper Dih.
    7.90059e+01    2.34258e+02    1.10275e+02    2.96697e+01    1.98373e+00
        LJ (SR)   Coulomb (SR) Position Rest.      Potential Pressure (bar)
   -1.89847e+05   -4.13974e+02    4.08946e+01   -1.89765e+05   -2.01503e+03
   Constr. rmsd
    5.75440e-06

           Step           Time
            646      646.00000

           Step           Time
            647      647.00000

   Energies (kJ/mol)
           Bond       G96Angle  Restr. Angles    Proper Dih.  Improper Dih.
    7.91196e+01    2.33655e+02    1.10031e+02    2.88244e+01    1.98535e+00
        LJ (SR)   Coulomb (SR) Position Rest.      Potential Pressure (bar)
   -1.89854e+05   -4.13968e+02    4.09194e+01   -1.89774e+05   -2.01417e+03
   Constr. rmsd
    1.20970e-06

           Step           Time
            648      648.00000

   Energies (kJ/mol)
           Bond       G96Angle  Restr. Angles    Proper Dih.  Improper Dih.
    7.91070e+01    2.35265e+02    1.10351e+02    3.08513e+01    1.98506e+00
        LJ (SR)   Coulomb (SR) Position Rest.      Potential Pressure (bar)
   -1.89865e+05   -4.13964e+02    4.09546e+01   -1.89780e+05   -2.01295e+03
   Constr. rmsd
    2.17382e-06

           Step           Time
            649      649.00000

   Energies (kJ/mol)
           Bond       G96Angle  Restr. Angles    Proper Dih.  Improper Dih.
    7.92482e+01    2.34209e+02    1.10019e+02    2.94923e+01    1.98696e+00
        LJ (SR)   Coulomb (SR) Position Rest.      Potential Pressure (bar)
   -1.89871e+05   -4.13957e+02    4.09790e+01   -1.89789e+05   -2.01210e+03
   Constr. rmsd
    2.99335e-06

           Step           Time
            650      650.00000

   Energies (kJ/mol)
           Bond       G96Angle  Restr. Angles    Proper Dih.  Improper Dih.
    7.93228e+01    2.37552e+02    1.10465e+02    3.36902e+01    1.98619e+00
        LJ (SR)   Coulomb (SR) Position Rest.      Potential Pressure (bar)
   -1.89882e+05   -4.13954e+02    4.10156e+01   -1.89792e+05   -2.01082e+03
   Constr. rmsd
    6.07490e-06

           Step           Time
            651      651.00000

   Energies (kJ/mol)
           Bond       G96Angle  Restr. Angles    Proper Dih.  Improper Dih.
    7.94331e+01    2.35215e+02    1.09998e+02    3.07107e+01    1.98859e+00
        LJ (SR)   Coulomb (SR) Position Rest.      Potential Pressure (bar)
   -1.89888e+05   -4.13947e+02    4.10393e+01   -1.89804e+05   -2.01001e+03
   Constr. rmsd
    8.38273e-06

           Step           Time
            652      652.00000

           Step           Time
            653      653.00000

   Energies (kJ/mol)
           Bond       G96Angle  Restr. Angles    Proper Dih.  Improper Dih.
    7.90674e+01    2.33912e+02    1.10296e+02    2.90529e+01    1.98782e+00
        LJ (SR)   Coulomb (SR) Position Rest.      Potential Pressure (bar)
   -1.89896e+05   -4.13945e+02    4.10590e+01   -1.89814e+05   -2.00948e+03
   Constr. rmsd
    2.28147e-06

           Step           Time
            654      654.00000

   Energies (kJ/mol)
           Bond       G96Angle  Restr. Angles    Proper Dih.  Improper Dih.
    7.96795e+01    2.36791e+02    1.09957e+02    3.26742e+01    1.99063e+00
        LJ (SR)   Coulomb (SR) Position Rest.      Potential Pressure (bar)
   -1.89907e+05   -4.13934e+02    4.11110e+01   -1.89819e+05   -2.00756e+03
   Constr. rmsd
    3.87965e-06

           Step           Time
            655      655.00000

   Energies (kJ/mol)
           Bond       G96Angle  Restr. Angles    Proper Dih.  Improper Dih.
    7.92044e+01    2.35399e+02    1.10418e+02    3.08975e+01    1.98917e+00
        LJ (SR)   Coulomb (SR) Position Rest.      Potential Pressure (bar)
   -1.89917e+05   -4.13934e+02    4.11333e+01   -1.89832e+05   -2.00692e+03
   Constr. rmsd
    7.41205e-06

           Step           Time
            656      656.00000

           Step           Time
            657      657.00000

   Energies (kJ/mol)
           Bond       G96Angle  Restr. Angles    Proper Dih.  Improper Dih.
    7.91945e+01    2.33493e+02    1.10157e+02    2.84343e+01    1.99068e+00
        LJ (SR)   Coulomb (SR) Position Rest.      Potential Pressure (bar)
   -1.89922e+05   -4.13929e+02    4.11521e+01   -1.89842e+05   -2.00629e+03
   Constr. rmsd
    1.63761e-06

           Step           Time
            658      658.00000

   Energies (kJ/mol)
           Bond       G96Angle  Restr. Angles    Proper Dih.  Improper Dih.
    7.93253e+01    2.36533e+02    1.10486e+02    3.21701e+01    1.99060e+00
        LJ (SR)   Coulomb (SR) Position Rest.      Potential Pressure (bar)
   -1.89938e+05   -4.13923e+02    4.12071e+01   -1.89850e+05   -2.00435e+03
   Constr. rmsd
    2.43354e-06

           Step           Time
            659      659.00000

   Energies (kJ/mol)
           Bond       G96Angle  Restr. Angles    Proper Dih.  Improper Dih.
    7.93224e+01    2.33948e+02    1.10144e+02    2.89387e+01    1.99234e+00
        LJ (SR)   Coulomb (SR) Position Rest.      Potential Pressure (bar)
   -1.89944e+05   -4.13918e+02    4.12275e+01   -1.89862e+05   -2.00368e+03
   Constr. rmsd
    3.37743e-06

           Step           Time
            660      660.00000

           Step           Time
            661      661.00000

   Energies (kJ/mol)
           Bond       G96Angle  Restr. Angles    Proper Dih.  Improper Dih.
    7.91722e+01    2.34093e+02    1.10368e+02    2.90600e+01    1.99185e+00
        LJ (SR)   Coulomb (SR) Position Rest.      Potential Pressure (bar)
   -1.89952e+05   -4.13916e+02    4.12521e+01   -1.89870e+05   -2.00286e+03
   Constr. rmsd
    1.23457e-06

           Step           Time
            662      662.00000

   Energies (kJ/mol)
           Bond       G96Angle  Restr. Angles    Proper Dih.  Improper Dih.
    7.94490e+01    2.34536e+02    1.10124e+02    2.96380e+01    1.99362e+00
        LJ (SR)   Coulomb (SR) Position Rest.      Potential Pressure (bar)
   -1.89961e+05   -4.13909e+02    4.12873e+01   -1.89878e+05   -2.00158e+03
   Constr. rmsd
    1.74988e-06

           Step           Time
            663      663.00000

   Energies (kJ/mol)
           Bond       G96Angle  Restr. Angles    Proper Dih.  Improper Dih.
    7.92774e+01    2.35224e+02    1.10464e+02    3.04583e+01    1.99268e+00
        LJ (SR)   Coulomb (SR) Position Rest.      Potential Pressure (bar)
   -1.89970e+05   -4.13907e+02    4.13147e+01   -1.89885e+05   -2.00068e+03
   Constr. rmsd
    2.93608e-06

           Step           Time
            664      664.00000

   Energies (kJ/mol)
           Bond       G96Angle  Restr. Angles    Proper Dih.  Improper Dih.
    7.96142e+01    2.35435e+02    1.10104e+02    3.07073e+01    1.99482e+00
        LJ (SR)   Coulomb (SR) Position Rest.      Potential Pressure (bar)
   -1.89977e+05   -4.13901e+02    4.13447e+01   -1.89891e+05   -1.99956e+03
   Constr. rmsd
    4.16891e-06

           Step           Time
            665      665.00000

   Energies (kJ/mol)
           Bond       G96Angle  Restr. Angles    Proper Dih.  Improper Dih.
    7.95195e+01    2.37826e+02    1.10599e+02    3.37615e+01    1.99324e+00
        LJ (SR)   Coulomb (SR) Position Rest.      Potential Pressure (bar)
   -1.89986e+05   -4.13900e+02    4.13757e+01   -1.89895e+05   -1.99849e+03
   Constr. rmsd
    8.76556e-06

           Step           Time
            666      666.00000

   Energies (kJ/mol)
           Bond       G96Angle  Restr. Angles    Proper Dih.  Improper Dih.
    7.98466e+01    2.36865e+02    1.10080e+02    3.24153e+01    1.99596e+00
        LJ (SR)   Coulomb (SR) Position Rest.      Potential Pressure (bar)
   -1.89992e+05   -4.13893e+02    4.14022e+01   -1.89903e+05   -1.99756e+03
   Constr. rmsd
    1.16916e-05

           Step           Time
            667      667.00000

           Step           Time
            668      668.00000

   Energies (kJ/mol)
           Bond       G96Angle  Restr. Angles    Proper Dih.  Improper Dih.
    7.92674e+01    2.33967e+02    1.10412e+02    2.88214e+01    1.99477e+00
        LJ (SR)   Coulomb (SR) Position Rest.      Potential Pressure (bar)
   -1.90000e+05   -4.13893e+02    4.14200e+01   -1.89918e+05   -1.99715e+03
   Constr. rmsd
    3.30310e-06

           Step           Time
            669      669.00000

   Energies (kJ/mol)
           Bond       G96Angle  Restr. Angles    Proper Dih.  Improper Dih.
    8.02306e+01    2.39536e+02    1.10027e+02    3.57644e+01    1.99798e+00
        LJ (SR)   Coulomb (SR) Position Rest.      Potential Pressure (bar)
   -1.90016e+05   -4.13881e+02    4.14957e+01   -1.89921e+05   -1.99441e+03
   Constr. rmsd
    6.06150e-06

           Step           Time
            670      670.00000

   Energies (kJ/mol)
           Bond       G96Angle  Restr. Angles    Proper Dih.  Improper Dih.
    7.93829e+01    2.34984e+02    1.10526e+02    3.00799e+01    1.99579e+00
        LJ (SR)   Coulomb (SR) Position Rest.      Potential Pressure (bar)
   -1.90027e+05   -4.13882e+02    4.15150e+01   -1.89942e+05   -1.99402e+03
   Constr. rmsd
    9.61926e-06

           Step           Time
            671      671.00000

           Step           Time
            672      672.00000

   Energies (kJ/mol)
           Bond       G96Angle  Restr. Angles    Proper Dih.  Improper Dih.
    7.95515e+01    2.34473e+02    1.10234e+02    2.92233e+01    1.99742e+00
        LJ (SR)   Coulomb (SR) Position Rest.      Potential Pressure (bar)
   -1.90034e+05   -4.13877e+02    4.15416e+01   -1.89950e+05   -1.99313e+03
   Constr. rmsd
    2.03385e-06

           Step           Time
            673      673.00000

   Energies (kJ/mol)
           Bond       G96Angle  Restr. Angles    Proper Dih.  Improper Dih.
    7.95132e+01    2.36355e+02    1.10615e+02    3.17491e+01    1.99621e+00
        LJ (SR)   Coulomb (SR) Position Rest.      Potential Pressure (bar)
   -1.90044e+05   -4.13875e+02    4.15758e+01   -1.89956e+05   -1.99193e+03
   Constr. rmsd
    3.50525e-06

           Step           Time
            674      674.00000

   Energies (kJ/mol)
           Bond       G96Angle  Restr. Angles    Proper Dih.  Improper Dih.
    7.97148e+01    2.35278e+02    1.10221e+02    3.01807e+01    1.99828e+00
        LJ (SR)   Coulomb (SR) Position Rest.      Potential Pressure (bar)
   -1.90050e+05   -4.13870e+02    4.16015e+01   -1.89965e+05   -1.99106e+03
   Constr. rmsd
    5.05012e-06

           Step           Time
            675      675.00000

           Step           Time
            676      676.00000

   Energies (kJ/mol)
           Bond       G96Angle  Restr. Angles    Proper Dih.  Improper Dih.
    7.93825e+01    2.33966e+02    1.10473e+02    2.86069e+01    1.99730e+00
        LJ (SR)   Coulomb (SR) Position Rest.      Potential Pressure (bar)
   -1.90057e+05   -4.13869e+02    4.16198e+01   -1.89975e+05   -1.99052e+03
   Constr. rmsd
    1.52954e-06

           Step           Time
            677      677.00000

   Energies (kJ/mol)
           Bond       G96Angle  Restr. Angles    Proper Dih.  Improper Dih.
    7.99267e+01    2.36476e+02    1.10198e+02    3.16226e+01    1.99944e+00
        LJ (SR)   Coulomb (SR) Position Rest.      Potential Pressure (bar)
   -1.90072e+05   -4.13860e+02    4.16848e+01   -1.89984e+05   -1.98823e+03
   Constr. rmsd
    2.48579e-06

           Step           Time
            678      678.00000

   Energies (kJ/mol)
           Bond       G96Angle  Restr. Angles    Proper Dih.  Improper Dih.
    7.94762e+01    2.34891e+02    1.10583e+02    2.97471e+01    1.99774e+00
        LJ (SR)   Coulomb (SR) Position Rest.      Potential Pressure (bar)
   -1.90081e+05   -4.13860e+02    4.17061e+01   -1.89996e+05   -1.98759e+03
   Constr. rmsd
    4.42624e-06

           Step           Time
            679      679.00000

   Energies (kJ/mol)
           Bond       G96Angle  Restr. Angles    Proper Dih.  Improper Dih.
    8.01593e+01    2.37925e+02    1.10179e+02    3.33173e+01    2.00011e+00
        LJ (SR)   Coulomb (SR) Position Rest.      Potential Pressure (bar)
   -1.90089e+05   -4.13852e+02    4.17486e+01   -1.89998e+05   -1.98597e+03
   Constr. rmsd
    6.23825e-06

           Step           Time
            680      680.00000

   Energies (kJ/mol)
           Bond       G96Angle  Restr. Angles    Proper Dih.  Improper Dih.
    7.97105e+01    2.37471e+02    1.10734e+02    3.30823e+01    1.99764e+00
        LJ (SR)   Coulomb (SR) Position Rest.      Potential Pressure (bar)
   -1.90099e+05   -4.13853e+02    4.17737e+01   -1.90008e+05   -1.98526e+03
   Constr. rmsd
    1.24426e-05

           Step           Time
            681      681.00000

           Step           Time
            682      682.00000

   Energies (kJ/mol)
           Bond       G96Angle  Restr. Angles    Proper Dih.  Improper Dih.
    7.95588e+01    2.33845e+02    1.10421e+02    2.82800e+01    1.99926e+00
        LJ (SR)   Coulomb (SR) Position Rest.      Potential Pressure (bar)
   -1.90105e+05   -4.13849e+02    4.17903e+01   -1.90023e+05   -1.98480e+03
   Constr. rmsd
    2.22776e-06

           Step           Time
            683      683.00000

   Energies (kJ/mol)
           Bond       G96Angle  Restr. Angles    Proper Dih.  Improper Dih.
    7.98511e+01    2.38579e+02    1.10787e+02    3.41161e+01    1.99851e+00
        LJ (SR)   Coulomb (SR) Position Rest.      Potential Pressure (bar)
   -1.90127e+05   -4.13841e+02    4.18762e+01   -1.90034e+05   -1.98186e+03
   Constr. rmsd
    3.27700e-06

           Step           Time
            684      684.00000

   Energies (kJ/mol)
           Bond       G96Angle  Restr. Angles    Proper Dih.  Improper Dih.
    7.97223e+01    2.34353e+02    1.10413e+02    2.87679e+01    2.00026e+00
        LJ (SR)   Coulomb (SR) Position Rest.      Potential Pressure (bar)
   -1.90134e+05   -4.13837e+02    4.18954e+01   -1.90050e+05   -1.98134e+03
   Constr. rmsd
    5.07119e-06

           Step           Time
            685      685.00000

           Step           Time
            686      686.00000

   Energies (kJ/mol)
           Bond       G96Angle  Restr. Angles    Proper Dih.  Improper Dih.
    7.96121e+01    2.35301e+02    1.10674e+02    2.99655e+01    1.99910e+00
        LJ (SR)   Coulomb (SR) Position Rest.      Potential Pressure (bar)
   -1.90143e+05   -4.13837e+02    4.19268e+01   -1.90057e+05   -1.98035e+03
   Constr. rmsd
    1.75974e-06

           Step           Time
            687      687.00000

   Energies (kJ/mol)
           Bond       G96Angle  Restr. Angles    Proper Dih.  Improper Dih.
    7.98582e+01    2.34962e+02    1.10390e+02    2.94992e+01    2.00064e+00
        LJ (SR)   Coulomb (SR) Position Rest.      Potential Pressure (bar)
   -1.90149e+05   -4.13832e+02    4.19548e+01   -1.90065e+05   -1.97937e+03
   Constr. rmsd
    2.32839e-06

           Step           Time
            688      688.00000

   Energies (kJ/mol)
           Bond       G96Angle  Restr. Angles    Proper Dih.  Improper Dih.
    7.97866e+01    2.37189e+02    1.10789e+02    3.23756e+01    1.99887e+00
        LJ (SR)   Coulomb (SR) Position Rest.      Potential Pressure (bar)
   -1.90160e+05   -4.13832e+02    4.19885e+01   -1.90070e+05   -1.97826e+03
   Constr. rmsd
    4.86103e-06

           Step           Time
            689      689.00000

   Energies (kJ/mol)
           Bond       G96Angle  Restr. Angles    Proper Dih.  Improper Dih.
    8.00438e+01    2.35969e+02    1.10368e+02    3.06754e+01    2.00104e+00
        LJ (SR)   Coulomb (SR) Position Rest.      Potential Pressure (bar)
   -1.90166e+05   -4.13827e+02    4.20142e+01   -1.90078e+05   -1.97739e+03
   Constr. rmsd
    6.72323e-06

           Step           Time
            690      690.00000

           Step           Time
            691      691.00000

   Energies (kJ/mol)
           Bond       G96Angle  Restr. Angles    Proper Dih.  Improper Dih.
    7.96315e+01    2.34325e+02    1.10640e+02    2.86746e+01    1.99969e+00
        LJ (SR)   Coulomb (SR) Position Rest.      Potential Pressure (bar)
   -1.90173e+05   -4.13827e+02    4.20325e+01   -1.90089e+05   -1.97687e+03
   Constr. rmsd
    1.97621e-06

           Step           Time
            692      692.00000

   Energies (kJ/mol)
           Bond       G96Angle  Restr. Angles    Proper Dih.  Improper Dih.
    8.02974e+01    2.37540e+02    1.10333e+02    3.25677e+01    2.00167e+00
        LJ (SR)   Coulomb (SR) Position Rest.      Potential Pressure (bar)
   -1.90188e+05   -4.13819e+02    4.20968e+01   -1.90097e+05   -1.97457e+03
   Constr. rmsd
    3.28721e-06

           Step           Time
            693      693.00000

   Energies (kJ/mol)
           Bond       G96Angle  Restr. Angles    Proper Dih.  Improper Dih.
    7.97375e+01    2.35412e+02    1.10755e+02    3.00407e+01    1.99948e+00
        LJ (SR)   Coulomb (SR) Position Rest.      Potential Pressure (bar)
   -1.90197e+05   -4.13820e+02    4.21180e+01   -1.90111e+05   -1.97398e+03
   Constr. rmsd
    5.87966e-06

           Step           Time
            694      694.00000

           Step           Time
            695      695.00000

   Energies (kJ/mol)
           Bond       G96Angle  Restr. Angles    Proper Dih.  Improper Dih.
    7.98201e+01    2.34306e+02    1.10518e+02    2.84518e+01    2.00075e+00
        LJ (SR)   Coulomb (SR) Position Rest.      Potential Pressure (bar)
   -1.90203e+05   -4.13817e+02    4.21396e+01   -1.90119e+05   -1.97328e+03
   Constr. rmsd
    1.33932e-06

           Step           Time
            696      696.00000

   Energies (kJ/mol)
           Bond       G96Angle  Restr. Angles    Proper Dih.  Improper Dih.
    7.98418e+01    2.36437e+02    1.10827e+02    3.12655e+01    1.99937e+00
        LJ (SR)   Coulomb (SR) Position Rest.      Potential Pressure (bar)
   -1.90215e+05   -4.13815e+02    4.21838e+01   -1.90126e+05   -1.97172e+03
   Constr. rmsd
    1.99749e-06

           Step           Time
            697      697.00000

   Energies (kJ/mol)
           Bond       G96Angle  Restr. Angles    Proper Dih.  Improper Dih.
    7.99466e+01    2.34786e+02    1.10508e+02    2.89706e+01    2.00099e+00
        LJ (SR)   Coulomb (SR) Position Rest.      Potential Pressure (bar)
   -1.90221e+05   -4.13810e+02    4.22062e+01   -1.90136e+05   -1.97102e+03
   Constr. rmsd
    2.84222e-06

           Step           Time
            698      698.00000

   Energies (kJ/mol)
           Bond       G96Angle  Restr. Angles    Proper Dih.  Improper Dih.
    8.00732e+01    2.38882e+02    1.10940e+02    3.43638e+01    1.99895e+00
        LJ (SR)   Coulomb (SR) Position Rest.      Potential Pressure (bar)
   -1.90232e+05   -4.13810e+02    4.22494e+01   -1.90138e+05   -1.96951e+03
   Constr. rmsd
    5.94169e-06

           Step           Time
            699      699.00000

   Energies (kJ/mol)
           Bond       G96Angle  Restr. Angles    Proper Dih.  Improper Dih.
    8.01266e+01    2.35658e+02    1.10490e+02    2.99737e+01    2.00126e+00
        LJ (SR)   Coulomb (SR) Position Rest.      Potential Pressure (bar)
   -1.90239e+05   -4.13805e+02    4.22715e+01   -1.90152e+05   -1.96885e+03
   Constr. rmsd
    7.98191e-06

           Step           Time
            700      700.00000

           Step           Time
            701      701.00000

   Energies (kJ/mol)
           Bond       G96Angle  Restr. Angles    Proper Dih.  Improper Dih.
    7.98092e+01    2.35007e+02    1.10778e+02    2.93046e+01    1.99973e+00
        LJ (SR)   Coulomb (SR) Position Rest.      Potential Pressure (bar)
   -1.90246e+05   -4.13805e+02    4.22936e+01   -1.90161e+05   -1.96816e+03
   Constr. rmsd
    2.29350e-06

           Step           Time
            702      702.00000

   Energies (kJ/mol)
           Bond       G96Angle  Restr. Angles    Proper Dih.  Improper Dih.
    8.03481e+01    2.36954e+02    1.10454e+02    3.15551e+01    2.00157e+00
        LJ (SR)   Coulomb (SR) Position Rest.      Potential Pressure (bar)
   -1.90256e+05   -4.13798e+02    4.23354e+01   -1.90166e+05   -1.96666e+03
   Constr. rmsd
    3.62158e-06

           Step           Time
            703      703.00000

   Energies (kJ/mol)
           Bond       G96Angle  Restr. Angles    Proper Dih.  Improper Dih.
    7.99716e+01    2.36837e+02    1.10906e+02    3.16514e+01    1.99909e+00
        LJ (SR)   Coulomb (SR) Position Rest.      Potential Pressure (bar)
   -1.90265e+05   -4.13799e+02    4.23604e+01   -1.90175e+05   -1.96586e+03
   Constr. rmsd
    7.35982e-06

           Step           Time
            704      704.00000

   Energies (kJ/mol)
           Bond       G96Angle  Restr. Angles    Proper Dih.  Improper Dih.
    8.05960e+01    2.38522e+02    1.10429e+02    3.33902e+01    2.00170e+00
        LJ (SR)   Coulomb (SR) Position Rest.      Potential Pressure (bar)
   -1.90270e+05   -4.13793e+02    4.23925e+01   -1.90177e+05   -1.96465e+03
   Constr. rmsd
    9.91931e-06

           Step           Time
            705      705.00000

   Energies (kJ/mol)
           Bond       G96Angle  Restr. Angles    Proper Dih.  Improper Dih.
    8.04062e+01    2.41505e+02    1.11091e+02    3.77276e+01    1.99823e+00
        LJ (SR)   Coulomb (SR) Position Rest.      Potential Pressure (bar)
   -1.90280e+05   -4.13795e+02    4.24220e+01   -1.90179e+05   -1.96362e+03
   Constr. rmsd
    2.18598e-05

           Step           Time
            706      706.00000

   Energies (kJ/mol)
           Bond       G96Angle  Restr. Angles    Proper Dih.  Improper Dih.
    8.09093e+01    2.40664e+02    1.10410e+02    3.58352e+01    2.00192e+00
        LJ (SR)   Coulomb (SR) Position Rest.      Potential Pressure (bar)
   -1.90285e+05   -4.13787e+02    4.24485e+01   -1.90186e+05   -1.96270e+03
   Constr. rmsd
    2.71551e-05

           Step           Time
            707      707.00000

           Step           Time
            708      708.00000

   Energies (kJ/mol)
           Bond       G96Angle  Restr. Angles    Proper Dih.  Improper Dih.
    7.99290e+01    2.35098e+02    1.10841e+02    2.93255e+01    1.99947e+00
        LJ (SR)   Coulomb (SR) Position Rest.      Potential Pressure (bar)
   -1.90296e+05   -4.13788e+02    4.24659e+01   -1.90210e+05   -1.96238e+03
   Constr. rmsd
    8.00381e-06

           Step           Time
            709      709.00000

           Step           Time
            710      710.00000

   Energies (kJ/mol)
           Bond       G96Angle  Restr. Angles    Proper Dih.  Improper Dih.
    8.02618e+01    2.35900e+02    1.10561e+02    2.99830e+01    2.00118e+00
        LJ (SR)   Coulomb (SR) Position Rest.      Potential Pressure (bar)
   -1.90304e+05   -4.13782e+02    4.25019e+01   -1.90216e+05   -1.96111e+03
   Constr. rmsd
    1.99407e-06

           Step           Time
            711      711.00000

   Energies (kJ/mol)
           Bond       G96Angle  Restr. Angles    Proper Dih.  Improper Dih.
    8.00087e+01    2.35850e+02    1.10915e+02    3.02014e+01    1.99912e+00
        LJ (SR)   Coulomb (SR) Position Rest.      Potential Pressure (bar)
   -1.90313e+05   -4.13782e+02    4.25266e+01   -1.90225e+05   -1.96029e+03
   Constr. rmsd
    3.08980e-06

           Step           Time
            712      712.00000

   Energies (kJ/mol)
           Bond       G96Angle  Restr. Angles    Proper Dih.  Improper Dih.
    8.04347e+01    2.36767e+02    1.10554e+02    3.09631e+01    2.00103e+00
        LJ (SR)   Coulomb (SR) Position Rest.      Potential Pressure (bar)
   -1.90319e+05   -4.13776e+02    4.25582e+01   -1.90230e+05   -1.95916e+03
   Constr. rmsd
    4.35195e-06

           Step           Time
            713      713.00000

   Energies (kJ/mol)
           Bond       G96Angle  Restr. Angles    Proper Dih.  Improper Dih.
    8.02311e+01    2.38285e+02    1.11046e+02    3.33514e+01    1.99826e+00
        LJ (SR)   Coulomb (SR) Position Rest.      Potential Pressure (bar)
   -1.90329e+05   -4.13777e+02    4.25866e+01   -1.90235e+05   -1.95818e+03
   Constr. rmsd
    8.76864e-06

           Step           Time
            714      714.00000

   Energies (kJ/mol)
           Bond       G96Angle  Restr. Angles    Proper Dih.  Improper Dih.
    8.06830e+01    2.38239e+02    1.10534e+02    3.26993e+01    2.00108e+00
        LJ (SR)   Coulomb (SR) Position Rest.      Potential Pressure (bar)
   -1.90334e+05   -4.13770e+02    4.26136e+01   -1.90241e+05   -1.95720e+03
   Constr. rmsd
    1.16744e-05

           Step           Time
            715      715.00000

           Step           Time
            716      716.00000

   Energies (kJ/mol)
           Bond       G96Angle  Restr. Angles    Proper Dih.  Improper Dih.
    8.00257e+01    2.34744e+02    1.10861e+02    2.86229e+01    1.99909e+00
        LJ (SR)   Coulomb (SR) Position Rest.      Potential Pressure (bar)
   -1.90343e+05   -4.13771e+02    4.26301e+01   -1.90258e+05   -1.95680e+03
   Constr. rmsd
    3.42037e-06

           Step           Time
            717      717.00000

   Energies (kJ/mol)
           Bond       G96Angle  Restr. Angles    Proper Dih.  Improper Dih.
    8.11067e+01    2.41120e+02    1.10489e+02    3.62711e+01    2.00134e+00
        LJ (SR)   Coulomb (SR) Position Rest.      Potential Pressure (bar)
   -1.90361e+05   -4.13760e+02    4.27162e+01   -1.90261e+05   -1.95373e+03
   Constr. rmsd
    6.23402e-06

           Step           Time
            718      718.00000

   Energies (kJ/mol)
           Bond       G96Angle  Restr. Angles    Proper Dih.  Improper Dih.
    8.01334e+01    2.35541e+02    1.10973e+02    2.96266e+01    1.99819e+00
        LJ (SR)   Coulomb (SR) Position Rest.      Potential Pressure (bar)
   -1.90372e+05   -4.13762e+02    4.27338e+01   -1.90285e+05   -1.95338e+03
   Constr. rmsd
    9.38906e-06

           Step           Time
            719      719.00000

           Step           Time
            720      720.00000

   Energies (kJ/mol)
           Bond       G96Angle  Restr. Angles    Proper Dih.  Improper Dih.
    8.03888e+01    2.35698e+02    1.10691e+02    2.93550e+01    1.99968e+00
        LJ (SR)   Coulomb (SR) Position Rest.      Potential Pressure (bar)
   -1.90379e+05   -4.13757e+02    4.27626e+01   -1.90292e+05   -1.95240e+03
   Constr. rmsd
    2.04625e-06

           Step           Time
            721      721.00000

   Energies (kJ/mol)
           Bond       G96Angle  Restr. Angles    Proper Dih.  Improper Dih.
    8.02599e+01    2.36874e+02    1.11068e+02    3.13234e+01    1.99737e+00
        LJ (SR)   Coulomb (SR) Position Rest.      Potential Pressure (bar)
   -1.90388e+05   -4.13757e+02    4.27914e+01   -1.90298e+05   -1.95138e+03
   Constr. rmsd
    3.80514e-06

           Step           Time
            722      722.00000

   Energies (kJ/mol)
           Bond       G96Angle  Restr. Angles    Proper Dih.  Improper Dih.
    8.05684e+01    2.36559e+02    1.10680e+02    3.03649e+01    1.99944e+00
        LJ (SR)   Coulomb (SR) Position Rest.      Potential Pressure (bar)
   -1.90394e+05   -4.13752e+02    4.28169e+01   -1.90305e+05   -1.95047e+03
   Constr. rmsd
    5.05416e-06

           Step           Time
            723      723.00000

   Energies (kJ/mol)
           Bond       G96Angle  Restr. Angles    Proper Dih.  Improper Dih.
    8.05509e+01    2.39976e+02    1.11204e+02    3.53436e+01    1.99628e+00
        LJ (SR)   Coulomb (SR) Position Rest.      Potential Pressure (bar)
   -1.90404e+05   -4.13752e+02    4.28489e+01   -1.90306e+05   -1.94925e+03
   Constr. rmsd
    1.05617e-05

           Step           Time
            724      724.00000

   Energies (kJ/mol)
           Bond       G96Angle  Restr. Angles    Proper Dih.  Improper Dih.
    8.08183e+01    2.37995e+02    1.10661e+02    3.20298e+01    1.99925e+00
        LJ (SR)   Coulomb (SR) Position Rest.      Potential Pressure (bar)
   -1.90410e+05   -4.13746e+02    4.28724e+01   -1.90317e+05   -1.94846e+03
   Constr. rmsd
    1.38848e-05

           Step           Time
            725      725.00000

           Step           Time
            726      726.00000

   Energies (kJ/mol)
           Bond       G96Angle  Restr. Angles    Proper Dih.  Improper Dih.
    8.02329e+01    2.35335e+02    1.11005e+02    2.91319e+01    1.99700e+00
        LJ (SR)   Coulomb (SR) Position Rest.      Potential Pressure (bar)
   -1.90418e+05   -4.13746e+02    4.28902e+01   -1.90332e+05   -1.94796e+03
   Constr. rmsd
    4.08865e-06

           Step           Time
            727      727.00000

           Step           Time
            728      728.00000

   Energies (kJ/mol)
           Bond       G96Angle  Restr. Angles    Proper Dih.  Improper Dih.
    8.04252e+01    2.35262e+02    1.10795e+02    2.87314e+01    1.99816e+00
        LJ (SR)   Coulomb (SR) Position Rest.      Potential Pressure (bar)
   -1.90425e+05   -4.13742e+02    4.29175e+01   -1.90339e+05   -1.94702e+03
   Constr. rmsd
    1.11756e-06

           Step           Time
            729      729.00000

   Energies (kJ/mol)
           Bond       G96Angle  Restr. Angles    Proper Dih.  Improper Dih.
    8.03016e+01    2.35952e+02    1.11070e+02    2.98568e+01    1.99631e+00
        LJ (SR)   Coulomb (SR) Position Rest.      Potential Pressure (bar)
   -1.90435e+05   -4.13741e+02    4.29456e+01   -1.90346e+05   -1.94602e+03
   Constr. rmsd
    1.63611e-06

           Step           Time
            730      730.00000

   Energies (kJ/mol)
           Bond       G96Angle  Restr. Angles    Proper Dih.  Improper Dih.
    8.05576e+01    2.35812e+02    1.10788e+02    2.93166e+01    1.99776e+00
        LJ (SR)   Coulomb (SR) Position Rest.      Potential Pressure (bar)
   -1.90441e+05   -4.13736e+02    4.29716e+01   -1.90353e+05   -1.94512e+03
   Constr. rmsd
    2.24712e-06

           Step           Time
            731      731.00000

   Energies (kJ/mol)
           Bond       G96Angle  Restr. Angles    Proper Dih.  Improper Dih.
    8.04570e+01    2.37623e+02    1.11175e+02    3.20155e+01    1.99521e+00
        LJ (SR)   Coulomb (SR) Position Rest.      Potential Pressure (bar)
   -1.90451e+05   -4.13735e+02    4.30023e+01   -1.90358e+05   -1.94402e+03
   Constr. rmsd
    4.45384e-06

           Step           Time
            732      732.00000

   Energies (kJ/mol)
           Bond       G96Angle  Restr. Angles    Proper Dih.  Improper Dih.
    8.07434e+01    2.36759e+02    1.10772e+02    3.03969e+01    1.99747e+00
        LJ (SR)   Coulomb (SR) Position Rest.      Potential Pressure (bar)
   -1.90457e+05   -4.13730e+02    4.30266e+01   -1.90367e+05   -1.94314e+03
   Constr. rmsd
    6.01021e-06

           Step           Time
            733      733.00000

           Step           Time
            734      734.00000

   Energies (kJ/mol)
           Bond       G96Angle  Restr. Angles    Proper Dih.  Improper Dih.
    8.03333e+01    2.35059e+02    1.11033e+02    2.85317e+01    1.99575e+00
        LJ (SR)   Coulomb (SR) Position Rest.      Potential Pressure (bar)
   -1.90464e+05   -4.13730e+02    4.30433e+01   -1.90378e+05   -1.94265e+03
   Constr. rmsd
    1.75440e-06

           Step           Time
            735      735.00000

   Energies (kJ/mol)
           Bond       G96Angle  Restr. Angles    Proper Dih.  Improper Dih.
    8.09963e+01    2.38215e+02    1.10747e+02    3.21278e+01    1.99727e+00
        LJ (SR)   Coulomb (SR) Position Rest.      Potential Pressure (bar)
   -1.90479e+05   -4.13720e+02    4.31059e+01   -1.90386e+05   -1.94037e+03
   Constr. rmsd
    2.83253e-06

           Step           Time
            736      736.00000

   Energies (kJ/mol)
           Bond       G96Angle  Restr. Angles    Proper Dih.  Improper Dih.
    8.04362e+01    2.36035e+02    1.11148e+02    2.97989e+01    1.99453e+00
        LJ (SR)   Coulomb (SR) Position Rest.      Potential Pressure (bar)
   -1.90488e+05   -4.13721e+02    4.31250e+01   -1.90399e+05   -1.93979e+03
   Constr. rmsd
    5.30109e-06

           Step           Time
            737      737.00000

           Step           Time
            738      738.00000

   Energies (kJ/mol)
           Bond       G96Angle  Restr. Angles    Proper Dih.  Improper Dih.
    8.05432e+01    2.35131e+02    1.10925e+02    2.83092e+01    1.99569e+00
        LJ (SR)   Coulomb (SR) Position Rest.      Potential Pressure (bar)
   -1.90494e+05   -4.13717e+02    4.31450e+01   -1.90407e+05   -1.93909e+03
   Constr. rmsd
    1.17573e-06

           Step           Time
            739      739.00000

   Energies (kJ/mol)
           Bond       G96Angle  Restr. Angles    Proper Dih.  Improper Dih.
    8.05431e+01    2.36999e+02    1.11219e+02    3.09800e+01    1.99358e+00
        LJ (SR)   Coulomb (SR) Position Rest.      Potential Pressure (bar)
   -1.90506e+05   -4.13715e+02    4.31850e+01   -1.90415e+05   -1.93763e+03
   Constr. rmsd
    1.90678e-06

           Step           Time
            740      740.00000

   Energies (kJ/mol)
           Bond       G96Angle  Restr. Angles    Proper Dih.  Improper Dih.
    8.06771e+01    2.35591e+02    1.10919e+02    2.87770e+01    1.99517e+00
        LJ (SR)   Coulomb (SR) Position Rest.      Potential Pressure (bar)
   -1.90512e+05   -4.13710e+02    4.32058e+01   -1.90424e+05   -1.93695e+03
   Constr. rmsd
    2.70350e-06

           Step           Time
            741      741.00000

   Energies (kJ/mol)
           Bond       G96Angle  Restr. Angles    Proper Dih.  Improper Dih.
    8.07589e+01    2.39226e+02    1.11329e+02    3.38528e+01    1.99241e+00
        LJ (SR)   Coulomb (SR) Position Rest.      Potential Pressure (bar)
   -1.90523e+05   -4.13708e+02    4.32451e+01   -1.90426e+05   -1.93546e+03
   Constr. rmsd
    5.25719e-06

           Step           Time
            742      742.00000

   Energies (kJ/mol)
           Bond       G96Angle  Restr. Angles    Proper Dih.  Improper Dih.
    8.08607e+01    2.36435e+02    1.10904e+02    2.96988e+01    1.99478e+00
        LJ (SR)   Coulomb (SR) Position Rest.      Potential Pressure (bar)
   -1.90529e+05   -4.13702e+02    4.32656e+01   -1.90439e+05   -1.93478e+03
   Constr. rmsd
    7.09634e-06

           Step           Time
            743      743.00000

           Step           Time
            744      744.00000

   Energies (kJ/mol)
           Bond       G96Angle  Restr. Angles    Proper Dih.  Improper Dih.
    8.05420e+01    2.35715e+02    1.11178e+02    2.91219e+01    1.99286e+00
        LJ (SR)   Coulomb (SR) Position Rest.      Potential Pressure (bar)
   -1.90536e+05   -4.13702e+02    4.32858e+01   -1.90448e+05   -1.93413e+03
   Constr. rmsd
    2.08959e-06

           Step           Time
            745      745.00000

   Energies (kJ/mol)
           Bond       G96Angle  Restr. Angles    Proper Dih.  Improper Dih.
    8.10826e+01    2.37641e+02    1.10872e+02    3.11407e+01    1.99459e+00
        LJ (SR)   Coulomb (SR) Position Rest.      Potential Pressure (bar)
   -1.90545e+05   -4.13694e+02    4.33252e+01   -1.90453e+05   -1.93262e+03
   Constr. rmsd
    3.20590e-06

           Step           Time
            746      746.00000

   Energies (kJ/mol)
           Bond       G96Angle  Restr. Angles    Proper Dih.  Improper Dih.
    8.06947e+01    2.37368e+02    1.11299e+02    3.12945e+01    1.99162e+00
        LJ (SR)   Coulomb (SR) Position Rest.      Potential Pressure (bar)
   -1.90555e+05   -4.13695e+02    4.33481e+01   -1.90462e+05   -1.93186e+03
   Constr. rmsd
    6.53930e-06

           Step           Time
            747      747.00000

   Energies (kJ/mol)
           Bond       G96Angle  Restr. Angles    Proper Dih.  Improper Dih.
    8.13283e+01    2.39128e+02    1.10850e+02    3.28423e+01    1.99429e+00
        LJ (SR)   Coulomb (SR) Position Rest.      Potential Pressure (bar)
   -1.90560e+05   -4.13688e+02    4.33784e+01   -1.90464e+05   -1.93071e+03
   Constr. rmsd
    8.71714e-06

           Step           Time
            748      748.00000

   Energies (kJ/mol)
           Bond       G96Angle  Restr. Angles    Proper Dih.  Improper Dih.
    8.10886e+01    2.41595e+02    1.11473e+02    3.68898e+01    1.99014e+00
        LJ (SR)   Coulomb (SR) Position Rest.      Potential Pressure (bar)
   -1.90570e+05   -4.13689e+02    4.34059e+01   -1.90467e+05   -1.92971e+03
   Constr. rmsd
    1.93756e-05

           Step           Time
            749      749.00000

   Energies (kJ/mol)
           Bond       G96Angle  Restr. Angles    Proper Dih.  Improper Dih.
    8.16391e+01    2.41198e+02    1.10829e+02    3.51688e+01    1.99401e+00
        LJ (SR)   Coulomb (SR) Position Rest.      Potential Pressure (bar)
   -1.90574e+05   -4.13682e+02    4.34310e+01   -1.90474e+05   -1.92883e+03
   Constr. rmsd
    2.42286e-05

           Step           Time
            750      750.00000

           Step           Time
            751      751.00000

   Energies (kJ/mol)
           Bond       G96Angle  Restr. Angles    Proper Dih.  Improper Dih.
    8.06839e+01    2.35803e+02    1.11238e+02    2.90932e+01    1.99110e+00
        LJ (SR)   Coulomb (SR) Position Rest.      Potential Pressure (bar)
   -1.90585e+05   -4.13683e+02    4.34472e+01   -1.90497e+05   -1.92849e+03
   Constr. rmsd
    7.19167e-06

           Step           Time
            752      752.00000

           Step           Time
            753      753.00000

   Energies (kJ/mol)
           Bond       G96Angle  Restr. Angles    Proper Dih.  Improper Dih.
    8.10300e+01    2.36701e+02    1.10975e+02    2.97295e+01    1.99267e+00
        LJ (SR)   Coulomb (SR) Position Rest.      Potential Pressure (bar)
   -1.90593e+05   -4.13676e+02    4.34822e+01   -1.90503e+05   -1.92722e+03
   Constr. rmsd
    1.83265e-06

           Step           Time
            754      754.00000

   Energies (kJ/mol)
           Bond       G96Angle  Restr. Angles    Proper Dih.  Improper Dih.
    8.07617e+01    2.36483e+02    1.11311e+02    2.99186e+01    1.99019e+00
        LJ (SR)   Coulomb (SR) Position Rest.      Potential Pressure (bar)
   -1.90602e+05   -4.13676e+02    4.35051e+01   -1.90512e+05   -1.92646e+03
   Constr. rmsd
    2.84254e-06

           Step           Time
            755      755.00000

   Energies (kJ/mol)
           Bond       G96Angle  Restr. Angles    Proper Dih.  Improper Dih.
    8.12000e+01    2.37515e+02    1.10971e+02    3.06152e+01    1.99208e+00
        LJ (SR)   Coulomb (SR) Position Rest.      Potential Pressure (bar)
   -1.90609e+05   -4.13669e+02    4.35356e+01   -1.90517e+05   -1.92532e+03
   Constr. rmsd
    3.79466e-06

           Step           Time
            756      756.00000

   Energies (kJ/mol)
           Bond       G96Angle  Restr. Angles    Proper Dih.  Improper Dih.
    8.09645e+01    2.38687e+02    1.11436e+02    3.28334e+01    1.98870e+00
        LJ (SR)   Coulomb (SR) Position Rest.      Potential Pressure (bar)
   -1.90618e+05   -4.13669e+02    4.35618e+01   -1.90522e+05   -1.92436e+03
   Constr. rmsd
    7.90383e-06

           Step           Time
            757      757.00000

   Energies (kJ/mol)
           Bond       G96Angle  Restr. Angles    Proper Dih.  Improper Dih.
    8.14451e+01    2.38926e+02    1.10953e+02    3.22370e+01    1.99156e+00
        LJ (SR)   Coulomb (SR) Position Rest.      Potential Pressure (bar)
   -1.90623e+05   -4.13663e+02    4.35871e+01   -1.90528e+05   -1.92339e+03
   Constr. rmsd
    1.04604e-05

           Step           Time
            758      758.00000

           Step           Time
            759      759.00000

   Energies (kJ/mol)
           Bond       G96Angle  Restr. Angles    Proper Dih.  Improper Dih.
    8.08040e+01    2.35519e+02    1.11263e+02    2.84484e+01    1.98924e+00
        LJ (SR)   Coulomb (SR) Position Rest.      Potential Pressure (bar)
   -1.90631e+05   -4.13663e+02    4.36021e+01   -1.90543e+05   -1.92300e+03
   Constr. rmsd
    2.90172e-06

           Step           Time
            760      760.00000

   Energies (kJ/mol)
           Bond       G96Angle  Restr. Angles    Proper Dih.  Improper Dih.
    8.18551e+01    2.41615e+02    1.10916e+02    3.55231e+01    1.99103e+00
        LJ (SR)   Coulomb (SR) Position Rest.      Potential Pressure (bar)
   -1.90650e+05   -4.13649e+02    4.36845e+01   -1.90549e+05   -1.91978e+03
   Constr. rmsd
    5.48642e-06

           Step           Time
            761      761.00000

   Energies (kJ/mol)
           Bond       G96Angle  Restr. Angles    Proper Dih.  Improper Dih.
    8.09131e+01    2.36247e+02    1.11377e+02    2.94021e+01    1.98736e+00
        LJ (SR)   Coulomb (SR) Position Rest.      Potential Pressure (bar)
   -1.90661e+05   -4.13650e+02    4.37013e+01   -1.90571e+05   -1.91943e+03
   Constr. rmsd
    8.34392e-06

           Step           Time
            762      762.00000

           Step           Time
            763      763.00000

   Energies (kJ/mol)
           Bond       G96Angle  Restr. Angles    Proper Dih.  Improper Dih.
    8.11760e+01    2.36482e+02    1.11114e+02    2.90778e+01    1.98876e+00
        LJ (SR)   Coulomb (SR) Position Rest.      Potential Pressure (bar)
   -1.90668e+05   -4.13644e+02    4.37287e+01   -1.90578e+05   -1.91842e+03
   Constr. rmsd
    1.80574e-06

           Step           Time
            764      764.00000

   Energies (kJ/mol)
           Bond       G96Angle  Restr. Angles    Proper Dih.  Improper Dih.
    8.10341e+01    2.37476e+02    1.11470e+02    3.10145e+01    1.98598e+00
        LJ (SR)   Coulomb (SR) Position Rest.      Potential Pressure (bar)
   -1.90678e+05   -4.13643e+02    4.37574e+01   -1.90585e+05   -1.91741e+03
   Constr. rmsd
    3.19159e-06

           Step           Time
            765      765.00000

   Energies (kJ/mol)
           Bond       G96Angle  Restr. Angles    Proper Dih.  Improper Dih.
    8.13527e+01    2.37297e+02    1.11105e+02    2.99963e+01    1.98809e+00
        LJ (SR)   Coulomb (SR) Position Rest.      Potential Pressure (bar)
   -1.90683e+05   -4.13637e+02    4.37827e+01   -1.90591e+05   -1.91652e+03
   Constr. rmsd
    4.55963e-06

           Step           Time
            766      766.00000

   Energies (kJ/mol)
           Bond       G96Angle  Restr. Angles    Proper Dih.  Improper Dih.
    8.13023e+01    2.40311e+02    1.11602e+02    3.47612e+01    1.98432e+00
        LJ (SR)   Coulomb (SR) Position Rest.      Potential Pressure (bar)
   -1.90693e+05   -4.13636e+02    4.38142e+01   -1.90593e+05   -1.91530e+03
   Constr. rmsd
    9.31190e-06

           Step           Time
            767      767.00000

   Energies (kJ/mol)
           Bond       G96Angle  Restr. Angles    Proper Dih.  Improper Dih.
    8.15973e+01    2.38666e+02    1.11089e+02    3.15408e+01    1.98744e+00
        LJ (SR)   Coulomb (SR) Position Rest.      Potential Pressure (bar)
   -1.90699e+05   -4.13629e+02    4.38371e+01   -1.90604e+05   -1.91452e+03
   Constr. rmsd
    1.23705e-05

           Step           Time
            768      768.00000

           Step           Time
            769      769.00000

   Energies (kJ/mol)
           Bond       G96Angle  Restr. Angles    Proper Dih.  Improper Dih.
    8.10311e+01    2.36091e+02    1.11417e+02    2.89437e+01    1.98484e+00
        LJ (SR)   Coulomb (SR) Position Rest.      Potential Pressure (bar)
   -1.90707e+05   -4.13629e+02    4.38544e+01   -1.90617e+05   -1.91401e+03
   Constr. rmsd
    3.61898e-06

           Step           Time
            770      770.00000

   Energies (kJ/mol)
           Bond       G96Angle  Restr. Angles    Proper Dih.  Improper Dih.
    8.19581e+01    2.40982e+02    1.11046e+02    3.44053e+01    1.98705e+00
        LJ (SR)   Coulomb (SR) Position Rest.      Potential Pressure (bar)
   -1.90718e+05   -4.13618e+02    4.39080e+01   -1.90617e+05   -1.91191e+03
   Constr. rmsd
    5.92842e-06

           Step           Time
            771      771.00000

   Energies (kJ/mol)
           Bond       G96Angle  Restr. Angles    Proper Dih.  Improper Dih.
    8.11845e+01    2.37619e+02    1.11545e+02    3.09960e+01    1.98305e+00
        LJ (SR)   Coulomb (SR) Position Rest.      Potential Pressure (bar)
   -1.90728e+05   -4.13618e+02    4.39274e+01   -1.90635e+05   -1.91137e+03
   Constr. rmsd
    1.09376e-05

           Step           Time
            772      772.00000

           Step           Time
            773      773.00000

   Energies (kJ/mol)
           Bond       G96Angle  Restr. Angles    Proper Dih.  Improper Dih.
    8.12760e+01    2.36080e+02    1.11258e+02    2.84167e+01    1.98472e+00
        LJ (SR)   Coulomb (SR) Position Rest.      Potential Pressure (bar)
   -1.90734e+05   -4.13614e+02    4.39467e+01   -1.90644e+05   -1.91075e+03
   Constr. rmsd
    2.07951e-06

           Step           Time
            774      774.00000

   Energies (kJ/mol)
           Bond       G96Angle  Restr. Angles    Proper Dih.  Improper Dih.
    8.13401e+01    2.39058e+02    1.11626e+02    3.28179e+01    1.98171e+00
        LJ (SR)   Coulomb (SR) Position Rest.      Potential Pressure (bar)
   -1.90745e+05   -4.13610e+02    4.39881e+01   -1.90648e+05   -1.90917e+03
   Constr. rmsd
    3.64145e-06

           Step           Time
            775      775.00000

   Energies (kJ/mol)
           Bond       G96Angle  Restr. Angles    Proper Dih.  Improper Dih.
    8.14514e+01    2.36791e+02    1.11247e+02    2.91409e+01    1.98393e+00
        LJ (SR)   Coulomb (SR) Position Rest.      Potential Pressure (bar)
   -1.90751e+05   -4.13604e+02    4.40081e+01   -1.90660e+05   -1.90856e+03
   Constr. rmsd
    5.02169e-06

           Step           Time
            776      776.00000

           Step           Time
            777      777.00000

   Energies (kJ/mol)
           Bond       G96Angle  Restr. Angles    Proper Dih.  Improper Dih.
    8.11828e+01    2.36242e+02    1.11493e+02    2.88859e+01    1.98184e+00
        LJ (SR)   Coulomb (SR) Position Rest.      Potential Pressure (bar)
   -1.90759e+05   -4.13603e+02    4.40284e+01   -1.90668e+05   -1.90789e+03
   Constr. rmsd
    1.69033e-06

           Step           Time
            778      778.00000

   Energies (kJ/mol)
           Bond       G96Angle  Restr. Angles    Proper Dih.  Improper Dih.
    8.16394e+01    2.37712e+02    1.11227e+02    3.01958e+01    1.98309e+00
        LJ (SR)   Coulomb (SR) Position Rest.      Potential Pressure (bar)
   -1.90768e+05   -4.13594e+02    4.40657e+01   -1.90674e+05   -1.90649e+03
   Constr. rmsd
    2.35388e-06

           Step           Time
            779      779.00000

   Energies (kJ/mol)
           Bond       G96Angle  Restr. Angles    Proper Dih.  Improper Dih.
    8.13081e+01    2.37558e+02    1.11604e+02    3.06525e+01    1.97991e+00
        LJ (SR)   Coulomb (SR) Position Rest.      Potential Pressure (bar)
   -1.90776e+05   -4.13593e+02    4.40886e+01   -1.90683e+05   -1.90567e+03
   Constr. rmsd
    4.56562e-06

           Step           Time
            780      780.00000

   Energies (kJ/mol)
           Bond       G96Angle  Restr. Angles    Proper Dih.  Improper Dih.
    8.18583e+01    2.38943e+02    1.11210e+02    3.15771e+01    1.98223e+00
        LJ (SR)   Coulomb (SR) Position Rest.      Potential Pressure (bar)
   -1.90783e+05   -4.13585e+02    4.41179e+01   -1.90686e+05   -1.90455e+03
   Constr. rmsd
    6.28384e-06

           Step           Time
            781      781.00000

   Energies (kJ/mol)
           Bond       G96Angle  Restr. Angles    Proper Dih.  Improper Dih.
    8.16150e+01    2.40846e+02    1.11760e+02    3.50776e+01    1.97781e+00
        LJ (SR)   Coulomb (SR) Position Rest.      Potential Pressure (bar)
   -1.90792e+05   -4.13585e+02    4.41443e+01   -1.90690e+05   -1.90352e+03
   Constr. rmsd
    1.35463e-05

           Step           Time
            782      782.00000

   Energies (kJ/mol)
           Bond       G96Angle  Restr. Angles    Proper Dih.  Improper Dih.
    8.21470e+01    2.40763e+02    1.11193e+02    3.36136e+01    1.98137e+00
        LJ (SR)   Coulomb (SR) Position Rest.      Potential Pressure (bar)
   -1.90797e+05   -4.13577e+02    4.41684e+01   -1.90697e+05   -1.90262e+03
   Constr. rmsd
    1.73836e-05

           Step           Time
            783      783.00000

           Step           Time
            784      784.00000

   Energies (kJ/mol)
           Bond       G96Angle  Restr. Angles    Proper Dih.  Improper Dih.
    8.13295e+01    2.36261e+02    1.11557e+02    2.87347e+01    1.97833e+00
        LJ (SR)   Coulomb (SR) Position Rest.      Potential Pressure (bar)
   -1.90806e+05   -4.13577e+02    4.41836e+01   -1.90715e+05   -1.90225e+03
   Constr. rmsd
    5.11640e-06

           Step           Time
            785      785.00000

           Step           Time
            786      786.00000

   Energies (kJ/mol)
           Bond       G96Angle  Restr. Angles    Proper Dih.  Improper Dih.
    8.16507e+01    2.37100e+02    1.11330e+02    2.92355e+01    1.97952e+00
        LJ (SR)   Coulomb (SR) Position Rest.      Potential Pressure (bar)
   -1.90815e+05   -4.13569e+02    4.42182e+01   -1.90723e+05   -1.90095e+03
   Constr. rmsd
    1.41161e-06

           Step           Time
            787      787.00000

   Energies (kJ/mol)
           Bond       G96Angle  Restr. Angles    Proper Dih.  Improper Dih.
    8.14000e+01    2.36803e+02    1.11627e+02    2.94176e+01    1.97692e+00
        LJ (SR)   Coulomb (SR) Position Rest.      Potential Pressure (bar)
   -1.90823e+05   -4.13567e+02    4.42399e+01   -1.90731e+05   -1.90017e+03
   Constr. rmsd
    2.05872e-06

           Step           Time
            788      788.00000

   Energies (kJ/mol)
           Bond       G96Angle  Restr. Angles    Proper Dih.  Improper Dih.
    8.18060e+01    2.37781e+02    1.11330e+02    2.99446e+01    1.97847e+00
        LJ (SR)   Coulomb (SR) Position Rest.      Potential Pressure (bar)
   -1.90830e+05   -4.13560e+02    4.42700e+01   -1.90736e+05   -1.89911e+03
   Constr. rmsd
    2.70978e-06

           Step           Time
            789      789.00000

   Energies (kJ/mol)
           Bond       G96Angle  Restr. Angles    Proper Dih.  Improper Dih.
    8.15640e+01    2.38520e+02    1.11741e+02    3.17304e+01    1.97495e+00
        LJ (SR)   Coulomb (SR) Position Rest.      Potential Pressure (bar)
   -1.90839e+05   -4.13558e+02    4.42952e+01   -1.90743e+05   -1.89818e+03
   Constr. rmsd
    5.58055e-06

           Step           Time
            790      790.00000

   Energies (kJ/mol)
           Bond       G96Angle  Restr. Angles    Proper Dih.  Improper Dih.
    8.20300e+01    2.39000e+02    1.11315e+02    3.13097e+01    1.97752e+00
        LJ (SR)   Coulomb (SR) Position Rest.      Potential Pressure (bar)
   -1.90845e+05   -4.13551e+02    4.43207e+01   -1.90748e+05   -1.89719e+03
   Constr. rmsd
    7.55912e-06

           Step           Time
            791      791.00000

           Step           Time
            792      792.00000

   Energies (kJ/mol)
           Bond       G96Angle  Restr. Angles    Proper Dih.  Improper Dih.
    8.14729e+01    2.36074e+02    1.11591e+02    2.82038e+01    1.97513e+00
        LJ (SR)   Coulomb (SR) Position Rest.      Potential Pressure (bar)
   -1.90852e+05   -4.13550e+02    4.43350e+01   -1.90762e+05   -1.89680e+03
   Constr. rmsd
    2.20506e-06

           Step           Time
            793      793.00000

   Energies (kJ/mol)
           Bond       G96Angle  Restr. Angles    Proper Dih.  Improper Dih.
    8.23927e+01    2.41152e+02    1.11292e+02    3.38514e+01    1.97606e+00
        LJ (SR)   Coulomb (SR) Position Rest.      Potential Pressure (bar)
   -1.90874e+05   -4.13531e+02    4.44247e+01   -1.90773e+05   -1.89327e+03
   Constr. rmsd
    3.89999e-06

           Step           Time
            794      794.00000

   Energies (kJ/mol)
           Bond       G96Angle  Restr. Angles    Proper Dih.  Improper Dih.
    8.15867e+01    2.36686e+02    1.11705e+02    2.90268e+01    1.97233e+00
        LJ (SR)   Coulomb (SR) Position Rest.      Potential Pressure (bar)
   -1.90884e+05   -4.13531e+02    4.44405e+01   -1.90792e+05   -1.89289e+03
   Constr. rmsd
    6.28842e-06

           Step           Time
            795      795.00000

           Step           Time
            796      796.00000

   Energies (kJ/mol)
           Bond       G96Angle  Restr. Angles    Proper Dih.  Improper Dih.
    8.18279e+01    2.36911e+02    1.11476e+02    2.86373e+01    1.97339e+00
        LJ (SR)   Coulomb (SR) Position Rest.      Potential Pressure (bar)
   -1.90891e+05   -4.13524e+02    4.44659e+01   -1.90799e+05   -1.89191e+03
   Constr. rmsd
    1.34859e-06

           Step           Time
            797      797.00000

   Energies (kJ/mol)
           Bond       G96Angle  Restr. Angles    Proper Dih.  Improper Dih.
    8.16938e+01    2.37688e+02    1.11791e+02    3.03783e+01    1.97048e+00
        LJ (SR)   Coulomb (SR) Position Rest.      Potential Pressure (bar)
   -1.90900e+05   -4.13521e+02    4.44923e+01   -1.90805e+05   -1.89089e+03
   Constr. rmsd
    2.31246e-06

           Step           Time
            798      798.00000

   Energies (kJ/mol)
           Bond       G96Angle  Restr. Angles    Proper Dih.  Improper Dih.
    8.19898e+01    2.37587e+02    1.11469e+02    2.93679e+01    1.97227e+00
        LJ (SR)   Coulomb (SR) Position Rest.      Potential Pressure (bar)
   -1.90906e+05   -4.13513e+02    4.45159e+01   -1.90812e+05   -1.89001e+03
   Constr. rmsd
    3.32319e-06

           Step           Time
            799      799.00000

   Energies (kJ/mol)
           Bond       G96Angle  Restr. Angles    Proper Dih.  Improper Dih.
    8.19107e+01    2.39917e+02    1.11907e+02    3.33842e+01    1.96840e+00
        LJ (SR)   Coulomb (SR) Position Rest.      Potential Pressure (bar)
   -1.90915e+05   -4.13509e+02    4.45454e+01   -1.90815e+05   -1.88882e+03
   Constr. rmsd
    6.68608e-06

           Step           Time
            800      800.00000

   Energies (kJ/mol)
           Bond       G96Angle  Restr. Angles    Proper Dih.  Improper Dih.
    8.22135e+01    2.38756e+02    1.11453e+02    3.06577e+01    1.97124e+00
        LJ (SR)   Coulomb (SR) Position Rest.      Potential Pressure (bar)
   -1.90921e+05   -4.13502e+02    4.45673e+01   -1.90824e+05   -1.88806e+03
   Constr. rmsd
    8.96414e-06

           Step           Time
            801      801.00000

           Step           Time
            802      802.00000

   Energies (kJ/mol)
           Bond       G96Angle  Restr. Angles    Proper Dih.  Improper Dih.
    8.17253e+01    2.36571e+02    1.11744e+02    2.86206e+01    1.96861e+00
        LJ (SR)   Coulomb (SR) Position Rest.      Potential Pressure (bar)
   -1.90928e+05   -4.13500e+02    4.45834e+01   -1.90836e+05   -1.88758e+03
   Constr. rmsd
    2.64077e-06

           Step           Time
            803      803.00000

   Energies (kJ/mol)
           Bond       G96Angle  Restr. Angles    Proper Dih.  Improper Dih.
    8.25247e+01    2.40583e+02    1.11417e+02    3.28700e+01    1.97009e+00
        LJ (SR)   Coulomb (SR) Position Rest.      Potential Pressure (bar)
   -1.90940e+05   -4.13485e+02    4.46364e+01   -1.90839e+05   -1.88550e+03
   Constr. rmsd
    4.33724e-06

           Step           Time
            804      804.00000

   Energies (kJ/mol)
           Bond       G96Angle  Restr. Angles    Proper Dih.  Improper Dih.
    8.18636e+01    2.37849e+02    1.11863e+02    3.03944e+01    1.96605e+00
        LJ (SR)   Coulomb (SR) Position Rest.      Potential Pressure (bar)
   -1.90949e+05   -4.13484e+02    4.46553e+01   -1.90854e+05   -1.88493e+03
   Constr. rmsd
    7.87673e-06

           Step           Time
            805      805.00000

           Step           Time
            806      806.00000

   Energies (kJ/mol)
           Bond       G96Angle  Restr. Angles    Proper Dih.  Improper Dih.
    8.19621e+01    2.36597e+02    1.11611e+02    2.81152e+01    1.96749e+00
        LJ (SR)   Coulomb (SR) Position Rest.      Potential Pressure (bar)
   -1.90954e+05   -4.13478e+02    4.46736e+01   -1.90863e+05   -1.88427e+03
   Constr. rmsd
    1.70812e-06

           Step           Time
            807      807.00000

   Energies (kJ/mol)
           Bond       G96Angle  Restr. Angles    Proper Dih.  Improper Dih.
    8.20024e+01    2.39027e+02    1.11938e+02    3.19235e+01    1.96416e+00
        LJ (SR)   Coulomb (SR) Position Rest.      Potential Pressure (bar)
   -1.90967e+05   -4.13470e+02    4.47147e+01   -1.90868e+05   -1.88265e+03
   Constr. rmsd
    2.69366e-06

           Step           Time
            808      808.00000

   Energies (kJ/mol)
           Bond       G96Angle  Restr. Angles    Proper Dih.  Improper Dih.
    8.21253e+01    2.37177e+02    1.11602e+02    2.86665e+01    1.96611e+00
        LJ (SR)   Coulomb (SR) Position Rest.      Potential Pressure (bar)
   -1.90972e+05   -4.13463e+02    4.47344e+01   -1.90879e+05   -1.88200e+03
   Constr. rmsd
    3.84273e-06

           Step           Time
            809      809.00000

           Step           Time
            810      810.00000

   Energies (kJ/mol)
           Bond       G96Angle  Restr. Angles    Proper Dih.  Improper Dih.
    8.18988e+01    2.36751e+02    1.11821e+02    2.86382e+01    1.96395e+00
        LJ (SR)   Coulomb (SR) Position Rest.      Potential Pressure (bar)
   -1.90979e+05   -4.13460e+02    4.47547e+01   -1.90887e+05   -1.88131e+03
   Constr. rmsd
    1.25361e-06

           Step           Time
            811      811.00000

   Energies (kJ/mol)
           Bond       G96Angle  Restr. Angles    Proper Dih.  Improper Dih.
    8.22939e+01    2.37892e+02    1.11585e+02    2.94522e+01    1.96495e+00
        LJ (SR)   Coulomb (SR) Position Rest.      Potential Pressure (bar)
   -1.90988e+05   -4.13450e+02    4.47910e+01   -1.90894e+05   -1.87989e+03
   Constr. rmsd
    1.73602e-06

           Step           Time
            812      812.00000

   Energies (kJ/mol)
           Bond       G96Angle  Restr. Angles    Proper Dih.  Improper Dih.
    8.20113e+01    2.37793e+02    1.11917e+02    3.00875e+01    1.96179e+00
        LJ (SR)   Coulomb (SR) Position Rest.      Potential Pressure (bar)
   -1.90996e+05   -4.13447e+02    4.48140e+01   -1.90901e+05   -1.87906e+03
   Constr. rmsd
    3.23722e-06

           Step           Time
            813      813.00000

   Energies (kJ/mol)
           Bond       G96Angle  Restr. Angles    Proper Dih.  Improper Dih.
    8.24939e+01    2.38911e+02    1.11568e+02    3.05628e+01    1.96376e+00
        LJ (SR)   Coulomb (SR) Position Rest.      Potential Pressure (bar)
   -1.91003e+05   -4.13437e+02    4.48428e+01   -1.90906e+05   -1.87792e+03
   Constr. rmsd
    4.60306e-06

           Step           Time
            814      814.00000

   Energies (kJ/mol)
           Bond       G96Angle  Restr. Angles    Proper Dih.  Improper Dih.
    8.22586e+01    2.40355e+02    1.12051e+02    3.36090e+01    1.95944e+00
        LJ (SR)   Coulomb (SR) Position Rest.      Potential Pressure (bar)
   -1.91011e+05   -4.13434e+02    4.48695e+01   -1.90910e+05   -1.87691e+03
   Constr. rmsd
    9.61236e-06

           Step           Time
            815      815.00000

   Energies (kJ/mol)
           Bond       G96Angle  Restr. Angles    Proper Dih.  Improper Dih.
    8.27613e+01    2.40483e+02    1.11547e+02    3.23037e+01    1.96268e+00
        LJ (SR)   Coulomb (SR) Position Rest.      Potential Pressure (bar)
   -1.91016e+05   -4.13424e+02    4.48941e+01   -1.90916e+05   -1.87600e+03
   Constr. rmsd
    1.26913e-05

           Step           Time
            816      816.00000

           Step           Time
            817      817.00000

   Energies (kJ/mol)
           Bond       G96Angle  Restr. Angles    Proper Dih.  Improper Dih.
    8.20669e+01    2.36727e+02    1.11870e+02    2.84253e+01    1.95972e+00
        LJ (SR)   Coulomb (SR) Position Rest.      Potential Pressure (bar)
   -1.91025e+05   -4.13422e+02    4.49092e+01   -1.90932e+05   -1.87560e+03
   Constr. rmsd
    3.60536e-06

           Step           Time
            818      818.00000

   Energies (kJ/mol)
           Bond       G96Angle  Restr. Angles    Proper Dih.  Improper Dih.
    8.32176e+01    2.43457e+02    1.11496e+02    3.59870e+01    1.96133e+00
        LJ (SR)   Coulomb (SR) Position Rest.      Potential Pressure (bar)
   -1.91040e+05   -4.13399e+02    4.49821e+01   -1.90932e+05   -1.87265e+03
   Constr. rmsd
    6.50687e-06

           Step           Time
            819      819.00000

   Energies (kJ/mol)
           Bond       G96Angle  Restr. Angles    Proper Dih.  Improper Dih.
    8.21992e+01    2.37593e+02    1.11979e+02    2.96557e+01    1.95683e+00
        LJ (SR)   Coulomb (SR) Position Rest.      Potential Pressure (bar)
   -1.91051e+05   -4.13399e+02    4.49985e+01   -1.90956e+05   -1.87225e+03
   Constr. rmsd
    1.03745e-05

           Step           Time
            820      820.00000

           Step           Time
            821      821.00000

   Energies (kJ/mol)
           Bond       G96Angle  Restr. Angles    Proper Dih.  Improper Dih.
    8.24680e+01    2.37708e+02    1.11700e+02    2.88927e+01    1.95835e+00
        LJ (SR)   Coulomb (SR) Position Rest.      Potential Pressure (bar)
   -1.91057e+05   -4.13390e+02    4.50232e+01   -1.90962e+05   -1.87136e+03
   Constr. rmsd
    2.14128e-06

           Step           Time
            822      822.00000

   Energies (kJ/mol)
           Bond       G96Angle  Restr. Angles    Proper Dih.  Improper Dih.
    8.23449e+01    2.38955e+02    1.12074e+02    3.15202e+01    1.95471e+00
        LJ (SR)   Coulomb (SR) Position Rest.      Potential Pressure (bar)
   -1.91066e+05   -4.13384e+02    4.50513e+01   -1.90967e+05   -1.87022e+03
   Constr. rmsd
    3.84728e-06

           Step           Time
            823      823.00000

   Energies (kJ/mol)
           Bond       G96Angle  Restr. Angles    Proper Dih.  Improper Dih.
    8.26662e+01    2.38614e+02    1.11691e+02    2.98668e+01    1.95698e+00
        LJ (SR)   Coulomb (SR) Position Rest.      Potential Pressure (bar)
   -1.91071e+05   -4.13375e+02    4.50745e+01   -1.90975e+05   -1.86942e+03
   Constr. rmsd
    5.48153e-06

           Step           Time
            824      824.00000

           Step           Time
            825      825.00000

   Energies (kJ/mol)
           Bond       G96Angle  Restr. Angles    Proper Dih.  Improper Dih.
    8.22647e+01    2.36743e+02    1.11936e+02    2.81996e+01    1.95456e+00
        LJ (SR)   Coulomb (SR) Position Rest.      Potential Pressure (bar)
   -1.91078e+05   -4.13372e+02    4.50900e+01   -1.90985e+05   -1.86893e+03
   Constr. rmsd
    1.60270e-06

           Step           Time
            826      826.00000

   Energies (kJ/mol)
           Bond       G96Angle  Restr. Angles    Proper Dih.  Improper Dih.
    8.29373e+01    2.39945e+02    1.11672e+02    3.14260e+01    1.95519e+00
        LJ (SR)   Coulomb (SR) Position Rest.      Potential Pressure (bar)
   -1.91093e+05   -4.13352e+02    4.51524e+01   -1.90993e+05   -1.86642e+03
   Constr. rmsd
    2.54216e-06

           Step           Time
            827      827.00000

   Energies (kJ/mol)
           Bond       G96Angle  Restr. Angles    Proper Dih.  Improper Dih.
    8.23827e+01    2.37555e+02    1.12046e+02    2.93727e+01    1.95159e+00
        LJ (SR)   Coulomb (SR) Position Rest.      Potential Pressure (bar)
   -1.91102e+05   -4.13349e+02    4.51701e+01   -1.91006e+05   -1.86584e+03
   Constr. rmsd
    4.64793e-06

           Step           Time
            828      828.00000

           Step           Time
            829      829.00000

   Energies (kJ/mol)
           Bond       G96Angle  Restr. Angles    Proper Dih.  Improper Dih.
    8.25163e+01    2.36947e+02    1.11841e+02    2.79436e+01    1.95262e+00
        LJ (SR)   Coulomb (SR) Position Rest.      Potential Pressure (bar)
   -1.91107e+05   -4.13342e+02    4.51894e+01   -1.91014e+05   -1.86511e+03
   Constr. rmsd
    1.17743e-06

           Step           Time
            830      830.00000

   Energies (kJ/mol)
           Bond       G96Angle  Restr. Angles    Proper Dih.  Improper Dih.
    8.24939e+01    2.38398e+02    1.12115e+02    3.05112e+01    1.94954e+00
        LJ (SR)   Coulomb (SR) Position Rest.      Potential Pressure (bar)
   -1.91118e+05   -4.13332e+02    4.52258e+01   -1.91020e+05   -1.86371e+03
   Constr. rmsd
    1.83673e-06

           Step           Time
            831      831.00000

   Energies (kJ/mol)
           Bond       G96Angle  Restr. Angles    Proper Dih.  Improper Dih.
    8.26624e+01    2.37400e+02    1.11835e+02    2.83575e+01    1.95109e+00
        LJ (SR)   Coulomb (SR) Position Rest.      Potential Pressure (bar)
   -1.91123e+05   -4.13324e+02    4.52454e+01   -1.91029e+05   -1.86300e+03
   Constr. rmsd
    2.38672e-06

           Step           Time
            832      832.00000

   Energies (kJ/mol)
           Bond       G96Angle  Restr. Angles    Proper Dih.  Improper Dih.
    8.27017e+01    2.40346e+02    1.12218e+02    3.31742e+01    1.94711e+00
        LJ (SR)   Coulomb (SR) Position Rest.      Potential Pressure (bar)
   -1.91134e+05   -4.13315e+02    4.52816e+01   -1.91031e+05   -1.86156e+03
   Constr. rmsd
    4.55013e-06

           Step           Time
            833      833.00000

   Energies (kJ/mol)
           Bond       G96Angle  Restr. Angles    Proper Dih.  Improper Dih.
    8.28588e+01    2.38228e+02    1.11821e+02    2.92027e+01    1.94951e+00
        LJ (SR)   Coulomb (SR) Position Rest.      Potential Pressure (bar)
   -1.91139e+05   -4.13307e+02    4.53011e+01   -1.91043e+05   -1.86093e+03
   Constr. rmsd
    6.26616e-06

           Step           Time
            834      834.00000

           Step           Time
            835      835.00000

   Energies (kJ/mol)
           Bond       G96Angle  Restr. Angles    Proper Dih.  Improper Dih.
    8.25395e+01    2.37277e+02    1.12077e+02    2.87481e+01    1.94687e+00
        LJ (SR)   Coulomb (SR) Position Rest.      Potential Pressure (bar)
   -1.91146e+05   -4.13303e+02    4.53196e+01   -1.91052e+05   -1.86029e+03
   Constr. rmsd
    1.81966e-06

           Step           Time
            836      836.00000

   Energies (kJ/mol)
           Bond       G96Angle  Restr. Angles    Proper Dih.  Improper Dih.
    8.30895e+01    2.39362e+02    1.11793e+02    3.05118e+01    1.94805e+00
        LJ (SR)   Coulomb (SR) Position Rest.      Potential Pressure (bar)
   -1.91155e+05   -4.13289e+02    4.53578e+01   -1.91056e+05   -1.85877e+03
   Constr. rmsd
    2.85132e-06

           Step           Time
            837      837.00000

   Energies (kJ/mol)
           Bond       G96Angle  Restr. Angles    Proper Dih.  Improper Dih.
    8.26899e+01    2.38685e+02    1.12191e+02    3.07525e+01    1.94414e+00
        LJ (SR)   Coulomb (SR) Position Rest.      Potential Pressure (bar)
   -1.91163e+05   -4.13285e+02    4.53793e+01   -1.91065e+05   -1.85800e+03
   Constr. rmsd
    5.69242e-06

           Step           Time
            838      838.00000

   Energies (kJ/mol)
           Bond       G96Angle  Restr. Angles    Proper Dih.  Improper Dih.
    8.33409e+01    2.40787e+02    1.11774e+02    3.20834e+01    1.94666e+00
        LJ (SR)   Coulomb (SR) Position Rest.      Potential Pressure (bar)
   -1.91169e+05   -4.13273e+02    4.54083e+01   -1.91067e+05   -1.85683e+03
   Constr. rmsd
    7.61451e-06

           Step           Time
            839      839.00000

   Energies (kJ/mol)
           Bond       G96Angle  Restr. Angles    Proper Dih.  Improper Dih.
    8.30499e+01    2.42381e+02    1.12354e+02    3.58872e+01    1.94137e+00
        LJ (SR)   Coulomb (SR) Position Rest.      Potential Pressure (bar)
   -1.91177e+05   -4.13269e+02    4.54335e+01   -1.91070e+05   -1.85582e+03
   Constr. rmsd
    1.67878e-05

           Step           Time
            840      840.00000

   Energies (kJ/mol)
           Bond       G96Angle  Restr. Angles    Proper Dih.  Improper Dih.
    8.36615e+01    2.42811e+02    1.11754e+02    3.43019e+01    1.94536e+00
        LJ (SR)   Coulomb (SR) Position Rest.      Potential Pressure (bar)
   -1.91182e+05   -4.13258e+02    4.54574e+01   -1.91075e+05   -1.85488e+03
   Constr. rmsd
    2.14008e-05

           Step           Time
            841      841.00000

           Step           Time
            842      842.00000

   Energies (kJ/mol)
           Bond       G96Angle  Restr. Angles    Proper Dih.  Improper Dih.
    8.27318e+01    2.37322e+02    1.12135e+02    2.86618e+01    1.94167e+00
        LJ (SR)   Coulomb (SR) Position Rest.      Potential Pressure (bar)
   -1.91191e+05   -4.13256e+02    4.54723e+01   -1.91096e+05   -1.85452e+03
   Constr. rmsd
    6.29277e-06

           Step           Time
            843      843.00000

           Step           Time
            844      844.00000

   Energies (kJ/mol)
           Bond       G96Angle  Restr. Angles    Proper Dih.  Improper Dih.
    8.31015e+01    2.38457e+02    1.11891e+02    2.92748e+01    1.94272e+00
        LJ (SR)   Coulomb (SR) Position Rest.      Potential Pressure (bar)
   -1.91200e+05   -4.13242e+02    4.55069e+01   -1.91103e+05   -1.85322e+03
   Constr. rmsd
    1.51542e-06

           Step           Time
            845      845.00000

   Energies (kJ/mol)
           Bond       G96Angle  Restr. Angles    Proper Dih.  Improper Dih.
    8.28171e+01    2.37882e+02    1.12204e+02    2.94492e+01    1.93948e+00
        LJ (SR)   Coulomb (SR) Position Rest.      Potential Pressure (bar)
   -1.91207e+05   -4.13237e+02    4.55273e+01   -1.91111e+05   -1.85244e+03
   Constr. rmsd
    2.40148e-06

           Step           Time
            846      846.00000

   Energies (kJ/mol)
           Bond       G96Angle  Restr. Angles    Proper Dih.  Improper Dih.
    8.32773e+01    2.39234e+02    1.11888e+02    3.00606e+01    1.94107e+00
        LJ (SR)   Coulomb (SR) Position Rest.      Potential Pressure (bar)
   -1.91214e+05   -4.13225e+02    4.55563e+01   -1.91115e+05   -1.85124e+03
   Constr. rmsd
    3.33943e-06

           Step           Time
            847      847.00000

   Energies (kJ/mol)
           Bond       G96Angle  Restr. Angles    Proper Dih.  Improper Dih.
    8.30111e+01    2.39782e+02    1.12320e+02    3.21382e+01    1.93681e+00
        LJ (SR)   Coulomb (SR) Position Rest.      Potential Pressure (bar)
   -1.91222e+05   -4.13220e+02    4.55804e+01   -1.91121e+05   -1.85027e+03
   Constr. rmsd
    6.79961e-06

           Step           Time
            848      848.00000

   Energies (kJ/mol)
           Bond       G96Angle  Restr. Angles    Proper Dih.  Improper Dih.
    8.35319e+01    2.40609e+02    1.11868e+02    3.15872e+01    1.93958e+00
        LJ (SR)   Coulomb (SR) Position Rest.      Potential Pressure (bar)
   -1.91227e+05   -4.13209e+02    4.56050e+01   -1.91125e+05   -1.84931e+03
   Constr. rmsd
    9.31918e-06

           Step           Time
            849      849.00000

           Step           Time
            850      850.00000

   Energies (kJ/mol)
           Bond       G96Angle  Restr. Angles    Proper Dih.  Improper Dih.
    8.29067e+01    2.37079e+02    1.12156e+02    2.80760e+01    1.93665e+00
        LJ (SR)   Coulomb (SR) Position Rest.      Potential Pressure (bar)
   -1.91235e+05   -4.13206e+02    4.56188e+01   -1.91140e+05   -1.84893e+03
   Constr. rmsd
    2.68816e-06

           Step           Time
            851      851.00000

   Energies (kJ/mol)
           Bond       G96Angle  Restr. Angles    Proper Dih.  Improper Dih.
    8.39538e+01    2.43037e+02    1.11832e+02    3.45471e+01    1.93694e+00
        LJ (SR)   Coulomb (SR) Position Rest.      Potential Pressure (bar)
   -1.91255e+05   -4.13174e+02    4.57061e+01   -1.91147e+05   -1.84539e+03
   Constr. rmsd
    4.67694e-06

           Step           Time
            852      852.00000

   Energies (kJ/mol)
           Bond       G96Angle  Restr. Angles    Proper Dih.  Improper Dih.
    8.30468e+01    2.37672e+02    1.12262e+02    2.89864e+01    1.93258e+00
        LJ (SR)   Coulomb (SR) Position Rest.      Potential Pressure (bar)
   -1.91265e+05   -4.13172e+02    4.57217e+01   -1.91168e+05   -1.84502e+03
   Constr. rmsd
    7.47332e-06

           Step           Time
            853      853.00000

           Step           Time
            854      854.00000

   Energies (kJ/mol)
           Bond       G96Angle  Restr. Angles    Proper Dih.  Improper Dih.
    8.33224e+01    2.38125e+02    1.12020e+02    2.85935e+01    1.93365e+00
        LJ (SR)   Coulomb (SR) Position Rest.      Potential Pressure (bar)
   -1.91271e+05   -4.13161e+02    4.57480e+01   -1.91174e+05   -1.84404e+03
   Constr. rmsd
    1.58724e-06

           Step           Time
            855      855.00000

   Energies (kJ/mol)
           Bond       G96Angle  Restr. Angles    Proper Dih.  Improper Dih.
    8.31692e+01    2.38746e+02    1.12350e+02    3.05329e+01    1.93014e+00
        LJ (SR)   Coulomb (SR) Position Rest.      Potential Pressure (bar)
   -1.91279e+05   -4.13154e+02    4.57740e+01   -1.91180e+05   -1.84302e+03
   Constr. rmsd
    2.85461e-06

           Step           Time
            856      856.00000

   Energies (kJ/mol)
           Bond       G96Angle  Restr. Angles    Proper Dih.  Improper Dih.
    8.35064e+01    2.38918e+02    1.12011e+02    2.94351e+01    1.93206e+00
        LJ (SR)   Coulomb (SR) Position Rest.      Potential Pressure (bar)
   -1.91285e+05   -4.13144e+02    4.57977e+01   -1.91186e+05   -1.84210e+03
   Constr. rmsd
    3.93027e-06

           Step           Time
            857      857.00000

   Energies (kJ/mol)
           Bond       G96Angle  Restr. Angles    Proper Dih.  Improper Dih.
    8.34213e+01    2.41226e+02    1.12471e+02    3.39963e+01    1.92748e+00
        LJ (SR)   Coulomb (SR) Position Rest.      Potential Pressure (bar)
   -1.91294e+05   -4.13137e+02    4.58263e+01   -1.91188e+05   -1.84090e+03
   Constr. rmsd
    8.19277e-06

           Step           Time
            858      858.00000

   Energies (kJ/mol)
           Bond       G96Angle  Restr. Angles    Proper Dih.  Improper Dih.
    8.37600e+01    2.40250e+02    1.11994e+02    3.08785e+01    1.93059e+00
        LJ (SR)   Coulomb (SR) Position Rest.      Potential Pressure (bar)
   -1.91299e+05   -4.13127e+02    4.58478e+01   -1.91198e+05   -1.84016e+03
   Constr. rmsd
    1.09188e-05

           Step           Time
            859      859.00000

           Step           Time
            860      860.00000

   Energies (kJ/mol)
           Bond       G96Angle  Restr. Angles    Proper Dih.  Improper Dih.
    8.32106e+01    2.37527e+02    1.12297e+02    2.85562e+01    1.92758e+00
        LJ (SR)   Coulomb (SR) Position Rest.      Potential Pressure (bar)
   -1.91306e+05   -4.13124e+02    4.58636e+01   -1.91210e+05   -1.83966e+03
   Constr. rmsd
    3.11050e-06

           Step           Time
            861      861.00000

           Step           Time
            862      862.00000

   Energies (kJ/mol)
           Bond       G96Angle  Restr. Angles    Proper Dih.  Improper Dih.
    8.34288e+01    2.37733e+02    1.12115e+02    2.81296e+01    1.92831e+00
        LJ (SR)   Coulomb (SR) Position Rest.      Potential Pressure (bar)
   -1.91313e+05   -4.13113e+02    4.58896e+01   -1.91217e+05   -1.83867e+03
   Constr. rmsd
    1.07450e-06

           Step           Time
            863      863.00000

   Energies (kJ/mol)
           Bond       G96Angle  Restr. Angles    Proper Dih.  Improper Dih.
    8.32900e+01    2.37984e+02    1.12356e+02    2.92110e+01    1.92553e+00
        LJ (SR)   Coulomb (SR) Position Rest.      Potential Pressure (bar)
   -1.91321e+05   -4.13106e+02    4.59143e+01   -1.91223e+05   -1.83774e+03
   Constr. rmsd
    1.40152e-06

           Step           Time
            864      864.00000

   Energies (kJ/mol)
           Bond       G96Angle  Restr. Angles    Proper Dih.  Improper Dih.
    8.35746e+01    2.38238e+02    1.12110e+02    2.86069e+01    1.92673e+00
        LJ (SR)   Coulomb (SR) Position Rest.      Potential Pressure (bar)
   -1.91327e+05   -4.13096e+02    4.59391e+01   -1.91230e+05   -1.83679e+03
   Constr. rmsd
    1.90068e-06

           Step           Time
            865      865.00000

   Energies (kJ/mol)
           Bond       G96Angle  Restr. Angles    Proper Dih.  Improper Dih.
    8.34361e+01    2.39278e+02    1.12449e+02    3.10687e+01    1.92314e+00
        LJ (SR)   Coulomb (SR) Position Rest.      Potential Pressure (bar)
   -1.91335e+05   -4.13088e+02    4.59663e+01   -1.91234e+05   -1.83567e+03
   Constr. rmsd
    3.32877e-06

           Step           Time
            866      866.00000

   Energies (kJ/mol)
           Bond       G96Angle  Restr. Angles    Proper Dih.  Improper Dih.
    8.37728e+01    2.39121e+02    1.12095e+02    2.95307e+01    1.92527e+00
        LJ (SR)   Coulomb (SR) Position Rest.      Potential Pressure (bar)
   -1.91341e+05   -4.13078e+02    4.59889e+01   -1.91242e+05   -1.83479e+03
   Constr. rmsd
    4.82003e-06

           Step           Time
            867      867.00000

           Step           Time
            868      868.00000

   Energies (kJ/mol)
           Bond       G96Angle  Restr. Angles    Proper Dih.  Improper Dih.
    8.33861e+01    2.37301e+02    1.12324e+02    2.80244e+01    1.92288e+00
        LJ (SR)   Coulomb (SR) Position Rest.      Potential Pressure (bar)
   -1.91347e+05   -4.13074e+02    4.60039e+01   -1.91251e+05   -1.83431e+03
   Constr. rmsd
    1.56424e-06

           Step           Time
            869      869.00000

   Energies (kJ/mol)
           Bond       G96Angle  Restr. Angles    Proper Dih.  Improper Dih.
    8.40487e+01    2.40393e+02    1.12076e+02    3.09881e+01    1.92310e+00
        LJ (SR)   Coulomb (SR) Position Rest.      Potential Pressure (bar)
   -1.91362e+05   -4.13050e+02    4.60669e+01   -1.91260e+05   -1.83178e+03
   Constr. rmsd
    2.26143e-06

           Step           Time
            870      870.00000

   Energies (kJ/mol)
           Bond       G96Angle  Restr. Angles    Proper Dih.  Improper Dih.
    8.35149e+01    2.38018e+02    1.12429e+02    2.91369e+01    1.91945e+00
        LJ (SR)   Coulomb (SR) Position Rest.      Potential Pressure (bar)
   -1.91370e+05   -4.13046e+02    4.60844e+01   -1.91272e+05   -1.83121e+03
   Constr. rmsd
    4.17841e-06

           Step           Time
            871      871.00000

           Step           Time
            872      872.00000

   Energies (kJ/mol)
           Bond       G96Angle  Restr. Angles    Proper Dih.  Improper Dih.
    8.36567e+01    2.37542e+02    1.12235e+02    2.77737e+01    1.92040e+00
        LJ (SR)   Coulomb (SR) Position Rest.      Potential Pressure (bar)
   -1.91375e+05   -4.13038e+02    4.61036e+01   -1.91279e+05   -1.83052e+03
   Constr. rmsd
    1.07116e-06

           Step           Time
            873      873.00000

   Energies (kJ/mol)
           Bond       G96Angle  Restr. Angles    Proper Dih.  Improper Dih.
    8.36297e+01    2.38762e+02    1.12494e+02    3.02026e+01    1.91726e+00
        LJ (SR)   Coulomb (SR) Position Rest.      Potential Pressure (bar)
   -1.91386e+05   -4.13027e+02    4.61390e+01   -1.91286e+05   -1.82915e+03
   Constr. rmsd
    1.57014e-06

           Step           Time
            874      874.00000

   Energies (kJ/mol)
           Bond       G96Angle  Restr. Angles    Proper Dih.  Improper Dih.
    8.38092e+01    2.37975e+02    1.12230e+02    2.81591e+01    1.91875e+00
        LJ (SR)   Coulomb (SR) Position Rest.      Potential Pressure (bar)
   -1.91391e+05   -4.13018e+02    4.61587e+01   -1.91294e+05   -1.82843e+03
   Constr. rmsd
    2.06541e-06

           Step           Time
            875      875.00000

   Energies (kJ/mol)
           Bond       G96Angle  Restr. Angles    Proper Dih.  Improper Dih.
    8.38284e+01    2.40507e+02    1.12589e+02    3.26586e+01    1.91467e+00
        LJ (SR)   Coulomb (SR) Position Rest.      Potential Pressure (bar)
   -1.91401e+05   -4.13007e+02    4.61933e+01   -1.91296e+05   -1.82699e+03
   Constr. rmsd
    4.03214e-06

           Step           Time
            876      876.00000

   Energies (kJ/mol)
           Bond       G96Angle  Restr. Angles    Proper Dih.  Improper Dih.
    8.40094e+01    2.38774e+02    1.12214e+02    2.89568e+01    1.91716e+00
        LJ (SR)   Coulomb (SR) Position Rest.      Potential Pressure (bar)
   -1.91406e+05   -4.12997e+02    4.62124e+01   -1.91307e+05   -1.82633e+03
   Constr. rmsd
    5.67636e-06

           Step           Time
            877      877.00000

           Step           Time
            878      878.00000

   Energies (kJ/mol)
           Bond       G96Angle  Restr. Angles    Proper Dih.  Improper Dih.
    8.36973e+01    2.37735e+02    1.12456e+02    2.85357e+01    1.91461e+00
        LJ (SR)   Coulomb (SR) Position Rest.      Potential Pressure (bar)
   -1.91413e+05   -4.12992e+02    4.62302e+01   -1.91315e+05   -1.82572e+03
   Constr. rmsd
    1.71575e-06

           Step           Time
            879      879.00000

   Energies (kJ/mol)
           Bond       G96Angle  Restr. Angles    Proper Dih.  Improper Dih.
    8.42415e+01    2.39855e+02    1.12190e+02    3.01870e+01    1.91583e+00
        LJ (SR)   Coulomb (SR) Position Rest.      Potential Pressure (bar)
   -1.91422e+05   -4.12976e+02    4.62682e+01   -1.91320e+05   -1.82419e+03
   Constr. rmsd
    2.67533e-06

           Step           Time
            880      880.00000

   Energies (kJ/mol)
           Bond       G96Angle  Restr. Angles    Proper Dih.  Improper Dih.
    8.38431e+01    2.38956e+02    1.12567e+02    3.03586e+01    1.91198e+00
        LJ (SR)   Coulomb (SR) Position Rest.      Potential Pressure (bar)
   -1.91430e+05   -4.12971e+02    4.62890e+01   -1.91329e+05   -1.82343e+03
   Constr. rmsd
    5.06685e-06

           Step           Time
            881      881.00000

   Energies (kJ/mol)
           Bond       G96Angle  Restr. Angles    Proper Dih.  Improper Dih.
    8.44931e+01    2.41226e+02    1.12176e+02    3.16754e+01    1.91451e+00
        LJ (SR)   Coulomb (SR) Position Rest.      Potential Pressure (bar)
   -1.91435e+05   -4.12958e+02    4.63183e+01   -1.91330e+05   -1.82224e+03
   Constr. rmsd
    7.00147e-06

           Step           Time
            882      882.00000

   Energies (kJ/mol)
           Bond       G96Angle  Restr. Angles    Proper Dih.  Improper Dih.
    8.41735e+01    2.42239e+02    1.12722e+02    3.50310e+01    1.90924e+00
        LJ (SR)   Coulomb (SR) Position Rest.      Potential Pressure (bar)
   -1.91443e+05   -4.12953e+02    4.63427e+01   -1.91334e+05   -1.82127e+03
   Constr. rmsd
    1.50306e-05

           Step           Time
            883      883.00000

   Energies (kJ/mol)
           Bond       G96Angle  Restr. Angles    Proper Dih.  Improper Dih.
    8.48161e+01    2.43214e+02    1.12157e+02    3.38465e+01    1.91330e+00
        LJ (SR)   Coulomb (SR) Position Rest.      Potential Pressure (bar)
   -1.91447e+05   -4.12941e+02    4.63667e+01   -1.91338e+05   -1.82032e+03
   Constr. rmsd
    1.92017e-05

           Step           Time
            884      884.00000

           Step           Time
            885      885.00000

   Energies (kJ/mol)
           Bond       G96Angle  Restr. Angles    Proper Dih.  Improper Dih.
    8.39114e+01    2.37733e+02    1.12517e+02    2.84003e+01    1.90968e+00
        LJ (SR)   Coulomb (SR) Position Rest.      Potential Pressure (bar)
   -1.91457e+05   -4.12939e+02    4.63809e+01   -1.91359e+05   -1.82002e+03
   Constr. rmsd
    5.62649e-06

           Step           Time
            886      886.00000

           Step           Time
            887      887.00000

   Energies (kJ/mol)
           Bond       G96Angle  Restr. Angles    Proper Dih.  Improper Dih.
    8.42894e+01    2.38996e+02    1.12292e+02    2.90793e+01    1.91074e+00
        LJ (SR)   Coulomb (SR) Position Rest.      Potential Pressure (bar)
   -1.91465e+05   -4.12924e+02    4.64176e+01   -1.91365e+05   -1.81857e+03
   Constr. rmsd
    1.50980e-06

           Step           Time
            888      888.00000

   Energies (kJ/mol)
           Bond       G96Angle  Restr. Angles    Proper Dih.  Improper Dih.
    8.40034e+01    2.38225e+02    1.12590e+02    2.91601e+01    1.90754e+00
        LJ (SR)   Coulomb (SR) Position Rest.      Potential Pressure (bar)
   -1.91472e+05   -4.12919e+02    4.64375e+01   -1.91373e+05   -1.81782e+03
   Constr. rmsd
    2.29412e-06

           Step           Time
            889      889.00000

   Energies (kJ/mol)
           Bond       G96Angle  Restr. Angles    Proper Dih.  Improper Dih.
    8.44678e+01    2.39716e+02    1.12295e+02    2.97871e+01    1.90908e+00
        LJ (SR)   Coulomb (SR) Position Rest.      Potential Pressure (bar)
   -1.91479e+05   -4.12906e+02    4.64675e+01   -1.91377e+05   -1.81660e+03
   Constr. rmsd
    3.00366e-06

           Step           Time
            890      890.00000

   Energies (kJ/mol)
           Bond       G96Angle  Restr. Angles    Proper Dih.  Improper Dih.
    8.41888e+01    2.39898e+02    1.12703e+02    3.16188e+01    1.90490e+00
        LJ (SR)   Coulomb (SR) Position Rest.      Potential Pressure (bar)
   -1.91487e+05   -4.12900e+02    4.64907e+01   -1.91383e+05   -1.81568e+03
   Constr. rmsd
    6.18533e-06

           Step           Time
            891      891.00000

   Energies (kJ/mol)
           Bond       G96Angle  Restr. Angles    Proper Dih.  Improper Dih.
    8.47247e+01    2.41055e+02    1.12280e+02    3.12554e+01    1.90773e+00
        LJ (SR)   Coulomb (SR) Position Rest.      Potential Pressure (bar)
   -1.91492e+05   -4.12889e+02    4.65157e+01   -1.91387e+05   -1.81466e+03
   Constr. rmsd
    8.29164e-06

           Step           Time
            892      892.00000

           Step           Time
            893      893.00000

   Energies (kJ/mol)
           Bond       G96Angle  Restr. Angles    Proper Dih.  Improper Dih.
    8.41186e+01    2.37525e+02    1.12552e+02    2.78949e+01    1.90491e+00
        LJ (SR)   Coulomb (SR) Position Rest.      Potential Pressure (bar)
   -1.91499e+05   -4.12886e+02    4.65290e+01   -1.91401e+05   -1.81428e+03
   Constr. rmsd
    2.33988e-06


Steepest Descents converged to Fmax < 100 in 894 steps
Potential Energy  = -1.9140116e+05
Maximum force     =  9.8369484e+01 on atom 21
Norm of force     =  6.7110733e+00
Finished mdrun on rank 0 Sat Mar  7 16:55:34 2026

